userid,age,gender,tenure,friend_count,friendships_initiated,likes,likes_received,engagement_score,user_category,primary_platform
1654565,19,male,394.0,4538,4144,4501,15088,0.49667836234141927,Medium Engagement,Mobile
1205425,60,female,1562.0,4794,3538,586,1318,0.4945200949935729,Medium Engagement,Mobile
2154556,100,male,2473.0,4765,2668,5,1,0.4889560826779822,Medium Engagement,Web
1991657,15,female,594.0,4631,1947,12234,14095,0.46575565003949354,Medium Engagement,Mobile
2010847,18,female,1084.0,4509,3233,2672,2053,0.45966249246984237,Medium Engagement,Mobile
1448930,17,female,1316.0,4357,1810,10433,3066,0.4569415565106525,Medium Engagement,Mobile
1745067,17,female,947.0,4290,3238,3780,8185,0.4557559911936313,Medium Engagement,Both
1559908,20,female,1334.0,4622,1819,4280,45633,0.45528068533715726,Medium Engagement,Web
1052695,22,female,874.0,4297,3654,1968,2006,0.45353709644712287,Medium Engagement,Mobile
1429178,18,female,888.0,4733,519,16583,16743,0.45273135450045554,Medium Engagement,Web
1075221,22,male,907.0,4693,3024,2028,948,0.4444860773039309,Medium Engagement,Mobile
2111567,103,female,3128.0,4658,972,929,2756,0.44243774264019786,Medium Engagement,Mobile
2030365,23,male,1675.0,4705,2291,687,2291,0.43676636416382675,Medium Engagement,Web
1771772,23,female,1179.0,3840,1830,9734,23008,0.4348082394641534,Medium Engagement,Web
1090279,17,female,1110.0,4564,2565,2711,5451,0.43437104491678574,Medium Engagement,Web
1086856,100,male,1189.0,4632,2548,1064,1908,0.42494819613674883,Medium Engagement,Mobile
1089933,108,male,1674.0,4770,2032,4,40,0.42035596073397646,Medium Engagement,Web
1277820,17,female,1005.0,4351,2210,5045,4498,0.41926348888980725,Medium Engagement,Mobile
1192042,20,female,1356.0,4767,2061,791,6077,0.4172980401408213,Medium Engagement,Mobile
1103175,15,female,487.0,3661,3086,6815,6177,0.4171317922661882,Medium Engagement,Web
1007328,23,female,1042.0,4620,1806,4756,9787,0.4169419047996354,Medium Engagement,Both
1949247,19,female,434.0,4189,3594,927,2859,0.4164930381897228,Medium Engagement,Both
1131001,17,female,1153.0,4630,1797,4590,3295,0.41602650895825477,Medium Engagement,Both
1934087,19,male,575.0,4516,3078,954,3075,0.41531354369566664,Medium Engagement,Mobile
2031535,19,female,1353.0,4598,2396,37,1486,0.4152197800872821,Medium Engagement,Mobile
2185422,20,female,1486.0,4132,1780,3781,22633,0.41419312218001325,Medium Engagement,Both
1078916,20,male,959.0,4499,2501,1720,5895,0.4132127532193233,Medium Engagement,Web
1114537,17,male,1088.0,4524,2610,505,1111,0.41256713617136986,Medium Engagement,Both
1280332,24,male,1594.0,4306,2323,561,1353,0.412456294822095,Medium Engagement,Web
1235124,97,male,1355.0,4112,2868,16,63,0.4121583451637084,Medium Engagement,Mobile
1441066,18,male,969.0,3494,2309,8210,13971,0.41126258191504395,Medium Engagement,Web
1715925,23,female,705.0,4077,793,1877,152014,0.4103472564385229,Medium Engagement,Web
1259648,103,male,2287.0,4196,1734,43,1,0.4063983551237553,Medium Engagement,Web
1685573,38,male,1930.0,4845,942,1768,4886,0.40155186059535575,Medium Engagement,Both
1836366,26,female,1669.0,4240,857,4794,28778,0.39664951209347693,Medium Engagement,Web
1807563,22,male,1547.0,3746,2373,1280,9503,0.3961526141720202,Medium Engagement,Web
1640206,105,male,1376.0,4548,2043,22,62,0.3955332402170019,Medium Engagement,Web
1926313,22,female,1505.0,4336,1221,4539,9920,0.3947846068663442,Medium Engagement,Both
1640179,21,female,1529.0,4589,1822,14,56,0.3941922151232848,Medium Engagement,Mobile
2113188,89,male,1494.0,4583,1788,157,112,0.39175591165872103,Medium Engagement,Mobile
1269167,31,male,513.0,3696,2579,6448,3687,0.3908528570407853,Medium Engagement,Both
1182272,17,female,1082.0,4464,1716,2049,17159,0.39067222257254586,Medium Engagement,Both
1417328,19,female,836.0,4568,1738,3946,3794,0.39013525641468577,Medium Engagement,Web
1457494,113,male,1284.0,4703,1851,24,17,0.3897232156557521,Medium Engagement,Web
1129526,92,female,1235.0,4153,2271,1048,1986,0.3893853145669026,Medium Engagement,Both
2082096,33,female,2373.0,2870,2265,2097,4442,0.3885582305480998,Medium Engagement,Mobile
1029702,108,male,1900.0,3889,1977,356,835,0.38717444615866997,Medium Engagement,Web
1781243,17,female,976.0,3683,755,10478,42449,0.3860644497726984,Medium Engagement,Web
1344342,20,female,476.0,3599,2198,7594,15413,0.383877026559593,Medium Engagement,Mobile
1849808,108,male,1525.0,4061,2147,1,17,0.3827400778817094,Medium Engagement,Mobile
1207426,89,male,1944.0,4581,1090,334,2185,0.3824678008870485,Medium Engagement,Both
2118039,20,female,788.0,4540,2145,1169,482,0.38140867836688463,Medium Engagement,Mobile
1403953,19,male,519.0,3693,3415,170,20,0.37852488325657324,Medium Engagement,Mobile
1248163,15,female,484.0,4530,2097,2394,6536,0.3784495981263285,Medium Engagement,Mobile
1053087,23,male,596.0,4320,836,2996,82623,0.375333270411923,Medium Engagement,Web
1902079,68,female,1285.0,4358,1809,131,1024,0.3718474512287012,Medium Engagement,Mobile
1029773,103,male,1498.0,4717,1219,6,249,0.37019270067406423,Medium Engagement,Mobile
1405803,25,male,667.0,3820,2836,835,377,0.3696723438616881,Medium Engagement,Web
1298331,19,female,1059.0,3776,1068,6912,27029,0.36965051310056196,Medium Engagement,Web
2087369,18,female,1071.0,4544,1721,421,1158,0.36923196966416305,Medium Engagement,Both
1320525,85,female,863.0,3932,2499,721,2326,0.3690458856592173,Medium Engagement,Mobile
1667033,21,male,1127.0,3450,2837,327,243,0.3687641329547634,Medium Engagement,Web
1078313,17,female,577.0,4584,2196,108,682,0.36772431056084964,Medium Engagement,Web
1771131,103,female,2029.0,3931,1302,794,2298,0.36750319374133666,Medium Engagement,Web
1674381,18,female,853.0,4417,1062,5765,6533,0.36723898815359024,Medium Engagement,Mobile
1676607,52,female,1957.0,3970,1245,1201,2696,0.36683850009574964,Medium Engagement,Both
1480994,68,male,811.0,4250,2293,6,113,0.3653784008394508,Medium Engagement,Mobile
1078844,20,male,1190.0,4638,1480,80,179,0.3645951650074567,Medium Engagement,Web
1695259,14,female,566.0,4615,1848,1257,4680,0.36419020083256953,Medium Engagement,Mobile
1256914,15,female,1189.0,3438,2559,951,1543,0.3636658377466511,Medium Engagement,Both
1239973,17,female,936.0,4417,1781,910,1851,0.3636526454277993,Medium Engagement,Both
1390362,17,female,716.0,3738,2060,4790,2475,0.3635045785654426,Medium Engagement,Mobile
2039360,16,female,623.0,4524,1999,370,2459,0.36081521193289445,Medium Engagement,Both
1166881,18,female,695.0,4535,1916,492,983,0.36065011336069414,Medium Engagement,Both
1208130,103,male,2094.0,4501,583,365,743,0.36024676960585467,Medium Engagement,Mobile
1401489,18,female,404.0,3769,2550,3162,1258,0.3599199710638116,Medium Engagement,Mobile
1719894,17,female,1104.0,4662,1391,108,2477,0.3593915794700905,Medium Engagement,Both
1949519,20,female,596.0,4585,1744,1350,1963,0.35774130126682735,Medium Engagement,Mobile
1751766,16,female,649.0,4759,1750,16,158,0.3573926814886117,Medium Engagement,Mobile
2115451,108,female,954.0,3982,1190,6016,4012,0.35622156337573774,Medium Engagement,Web
2177920,21,female,968.0,3279,2693,1402,2226,0.3556130143873695,Medium Engagement,Mobile
1914977,20,female,712.0,3131,935,11142,37450,0.35556529461563646,Medium Engagement,Web
1519813,21,female,2314.0,3135,1441,1725,2441,0.35493274124227636,Medium Engagement,Mobile
1216554,17,male,540.0,4135,2450,14,62,0.35419036795791403,Medium Engagement,Web
1750236,108,male,1539.0,4632,931,1,428,0.35403307387543403,Medium Engagement,Mobile
1100364,102,male,754.0,4420,1284,3244,6855,0.3535425212989927,Medium Engagement,Both
1015907,74,male,832.0,4630,831,966,39536,0.35295169865302134,Medium Engagement,Mobile
1141988,18,female,700.0,4420,1890,417,601,0.35290443439541574,Medium Engagement,Both
1794098,94,female,813.0,3929,2195,795,2409,0.3524853656047522,Medium Engagement,Mobile
1594534,22,female,565.0,4622,1846,33,1849,0.35248493592609675,Medium Engagement,Mobile
1515748,95,female,1975.0,4354,748,53,135,0.35210808956895284,Medium Engagement,Both
1746334,22,female,1344.0,4306,983,1970,7907,0.35207860829089865,Medium Engagement,Both
1324261,19,female,1554.0,3874,1618,243,1046,0.3518140925725812,Medium Engagement,Mobile
1350506,19,female,397.0,3055,2199,8305,6801,0.3515933703258092,Medium Engagement,Web
1484176,17,female,756.0,4458,1492,1485,6365,0.35122142859059297,Medium Engagement,Both
1292089,20,female,1067.0,4607,1336,128,467,0.3507962724461309,Medium Engagement,Web
2126936,24,female,1329.0,4390,1214,526,978,0.3499696500061335,Medium Engagement,Web
1531202,23,male,917.0,3328,2817,2,18,0.3488076388949499,Medium Engagement,Mobile
1073794,19,female,373.0,4589,1720,841,10253,0.3484235673342282,Medium Engagement,Mobile
1010176,101,female,2061.0,4529,400,35,56,0.34810531521491683,Medium Engagement,Mobile
1207962,17,female,606.0,4759,1507,420,1190,0.3476180092500402,Medium Engagement,Web
1006228,18,female,1029.0,4589,1330,48,173,0.346914467047944,Medium Engagement,Mobile
1228091,23,male,798.0,4217,1952,3,35,0.3465402285531968,Medium Engagement,Web
1898274,91,female,1340.0,4560,1040,67,206,0.346483666013166,Medium Engagement,Mobile
2125985,16,female,1464.0,4604,730,793,1370,0.34635574769456323,Medium Engagement,Mobile
2085281,96,male,999.0,3738,1705,2952,3857,0.34631399131469565,Medium Engagement,Mobile
2009328,108,female,1613.0,4138,1212,14,60,0.3458664391036639,Medium Engagement,Mobile
1127838,21,female,881.0,4767,1240,151,599,0.345684273606325,Medium Engagement,Mobile
1364616,18,female,508.0,3917,1872,3664,3058,0.3450599591811047,Medium Engagement,Mobile
1526069,16,female,938.0,4697,924,1823,2791,0.3445976624118895,Medium Engagement,Mobile
1144745,46,male,1423.0,4615,702,840,1896,0.3443808752128574,Medium Engagement,Both
1925562,16,female,1177.0,3995,1367,1409,9705,0.343746540084629,Medium Engagement,Both
2154380,19,female,1409.0,3441,2075,128,389,0.34353349221789126,Medium Engagement,Web
1759734,103,male,1879.0,2871,2229,11,124,0.34334476733284813,Medium Engagement,Mobile
2176872,18,female,604.0,4655,1597,52,247,0.34293168745381936,Medium Engagement,Mobile
1112584,27,male,1349.0,2936,2637,222,43,0.34262869899335013,Medium Engagement,Both
1139873,14,female,1061.0,4418,1128,1338,2758,0.34226458294187606,Medium Engagement,Web
1137301,19,female,1767.0,4302,754,203,1006,0.34167915253962156,Medium Engagement,Web
1799059,15,female,1095.0,4233,1329,1042,1491,0.340867716826135,Medium Engagement,Mobile
1619348,21,female,1311.0,4211,1212,569,1277,0.3404944179445832,Medium Engagement,Mobile
1221402,19,female,482.0,4043,2248,292,1489,0.3403046328527384,Medium Engagement,Web
1677625,78,female,1691.0,4735,268,475,2677,0.34002632434494284,Medium Engagement,Mobile
1656079,66,female,2012.0,1567,1237,12566,4846,0.3392157414336382,Medium Engagement,Web
1961641,14,female,516.0,3966,2308,86,721,0.338686112541422,Medium Engagement,Web
1500480,16,female,665.0,4755,1326,79,652,0.33837083824427194,Medium Engagement,Both
1219473,18,female,1103.0,4021,1325,2067,1028,0.3381003920243183,Medium Engagement,Both
1686646,43,male,793.0,3797,1034,5926,12642,0.33749561664447125,Medium Engagement,Both
1921091,99,female,1421.0,4731,591,19,154,0.3369460514555932,Medium Engagement,Mobile
1981043,54,male,801.0,3469,1557,5744,1978,0.3368476582547116,Medium Engagement,Both
1981996,16,female,682.0,3358,2239,2665,5721,0.3367823035954225,Medium Engagement,Mobile
1362239,68,female,743.0,4724,1149,496,1630,0.33605153923237,Medium Engagement,Mobile
1801945,19,female,1528.0,4320,737,903,1136,0.3360267189742673,Medium Engagement,Mobile
2158166,16,female,1192.0,3817,1688,321,1428,0.33591313298324943,Medium Engagement,Both
1973377,18,female,585.0,3898,2147,662,1185,0.3357028100390911,Medium Engagement,Both
1284837,45,male,1919.0,3826,709,1483,4618,0.3355590088015511,Medium Engagement,Both
1789467,16,female,584.0,4638,1033,2402,2947,0.334676899152612,Medium Engagement,Mobile
1101955,19,female,598.0,4557,1355,618,4986,0.334125458285127,Medium Engagement,Mobile
1811927,80,male,851.0,4548,1270,89,614,0.33409498305087615,Medium Engagement,Mobile
2051262,14,male,873.0,3463,2110,1659,1385,0.33368313575628084,Medium Engagement,Web
2079095,23,male,417.0,3464,1296,8244,12435,0.333566005777203,Medium Engagement,Both
1070396,37,female,878.0,2738,2021,6294,6258,0.33345709287433756,Medium Engagement,Both
2132467,88,male,1416.0,3313,1692,1763,1853,0.33302651058389815,Medium Engagement,Web
2025725,17,female,702.0,4701,1130,184,4803,0.3319519581862942,Medium Engagement,Web
1617592,16,female,781.0,3876,2012,1,76,0.33132240865616913,Medium Engagement,Mobile
1083386,68,female,1559.0,4499,582,23,51,0.3312777021431654,Medium Engagement,Mobile
1386477,61,male,1210.0,4844,561,7,247,0.33112935196801774,Medium Engagement,Mobile
1284415,98,female,1337.0,4655,623,80,10,0.33099258174778823,Medium Engagement,Mobile
2159412,15,female,1041.0,4452,662,2596,3212,0.3309122502411788,Medium Engagement,Both
1983513,21,female,1501.0,3353,1561,1346,2034,0.32961454069814644,Medium Engagement,Both
1899239,19,male,1296.0,3639,1616,514,962,0.3295491174990173,Medium Engagement,Web
1595032,18,female,1031.0,4085,1454,274,618,0.32954119190916387,Medium Engagement,Mobile
2061020,18,female,1035.0,4566,646,1726,4258,0.3295141807450077,Medium Engagement,Web
1921204,18,female,491.0,4695,1388,28,151,0.32921162872557996,Medium Engagement,Mobile
1862123,24,female,1477.0,4062,1056,66,315,0.3285885773229452,Medium Engagement,Both
1972989,15,female,499.0,4731,930,2408,479,0.3285248100564269,Medium Engagement,Mobile
1160771,26,female,1013.0,4604,726,1171,2050,0.3281425605791248,Medium Engagement,Web
1116472,23,male,1142.0,2964,2396,706,2074,0.3279376691728193,Medium Engagement,Mobile
1617578,20,female,526.0,4665,687,3360,7446,0.32765262097572534,Medium Engagement,Mobile
1422393,19,female,456.0,3850,1311,4151,17117,0.32674123785456227,Medium Engagement,Mobile
1620281,17,female,1613.0,2268,1342,8432,3214,0.32663949884892723,Medium Engagement,Web
1522003,21,female,1251.0,3494,1369,2430,4857,0.32635717315918883,Medium Engagement,Web
2031813,15,female,564.0,4227,1739,73,118,0.3262072992964977,Medium Engagement,Web
1605870,20,female,25.0,4576,1710,1006,2293,0.3258704241474703,Medium Engagement,Web
2168340,68,male,1052.0,3495,2004,64,306,0.32521621819437757,Medium Engagement,Mobile
1029505,50,male,1182.0,3482,1695,954,2906,0.32493445514148356,Medium Engagement,Web
1845678,20,female,1669.0,3765,950,816,1382,0.3243558623715986,Medium Engagement,Mobile
1959285,15,female,655.0,3742,2009,347,3477,0.32371173046076085,Medium Engagement,Mobile
1163502,36,male,2258.0,2561,1711,127,1893,0.32299162825140176,Medium Engagement,Both
1558389,108,female,1329.0,4274,820,346,123,0.32297517601647746,Medium Engagement,Mobile
1569422,20,female,1015.0,2565,1071,10020,16336,0.32276206774509264,Medium Engagement,Both
1734793,23,female,1432.0,4505,416,570,1019,0.3225998591143375,Medium Engagement,Both
1222311,19,female,580.0,3559,2273,412,1417,0.3225163332299294,Medium Engagement,Web
1587911,108,female,1105.0,4797,535,1,137,0.32233823273075474,Medium Engagement,Mobile
1697605,16,female,542.0,2824,1122,11506,9269,0.322197476514778,Medium Engagement,Web
1033997,22,female,742.0,4199,944,3070,4431,0.3220950750915624,Medium Engagement,Web
1842048,18,female,495.0,3740,1922,1696,2470,0.32173880743292155,Medium Engagement,Mobile
1713723,17,female,667.0,4277,1477,27,1447,0.32167481290203376,Medium Engagement,Mobile
1825400,23,male,846.0,4260,1176,764,2050,0.32116982859325977,Medium Engagement,Mobile
1213319,16,female,669.0,4337,1422,22,179,0.3211521293352672,Medium Engagement,Mobile
1693605,19,female,600.0,3719,1761,1918,3896,0.3207796813250567,Medium Engagement,Web
1526298,71,female,1059.0,4714,527,519,1588,0.32077579122541355,Medium Engagement,Mobile
1743496,103,female,1427.0,4676,243,359,135,0.3203378159618781,Medium Engagement,Both
1182164,17,female,434.0,3813,1936,1281,3005,0.32031095934251325,Medium Engagement,Mobile
2068044,23,female,1641.0,2520,2157,869,2377,0.31923111108301827,Medium Engagement,Web
1792910,86,male,610.0,4759,994,0,8,0.31880025412893925,Medium Engagement,None
1804329,17,male,334.0,3767,2168,766,1036,0.31878384228640955,Medium Engagement,Web
1350571,101,male,2190.0,2547,1652,425,1729,0.3184316329123242,Medium Engagement,Both
1770870,58,male,1602.0,3111,1707,96,530,0.31809057859748874,Medium Engagement,Both
2041648,15,female,893.0,3893,715,4236,10510,0.31666081098685117,Medium Engagement,Web
1240778,20,male,483.0,2803,2306,4645,3668,0.31652045003640517,Medium Engagement,Both
1248113,21,female,718.0,4698,811,475,871,0.3164753889009983,Medium Engagement,Mobile
1115385,103,female,1690.0,4449,194,22,322,0.3164722282184092,Medium Engagement,Web
1182720,19,female,1101.0,4252,958,142,706,0.3164446335714827,Medium Engagement,Mobile
1190613,20,female,746.0,4483,863,998,3379,0.3154908025471348,Medium Engagement,Mobile
1171020,19,female,677.0,4683,913,85,431,0.31523409660024215,Medium Engagement,Both
1352830,16,male,990.0,3556,1677,644,1381,0.31501196554475097,Medium Engagement,Web
1645807,20,female,459.0,4710,894,879,4830,0.3149631536242385,Medium Engagement,Mobile
1947208,24,male,906.0,3118,2220,625,1541,0.3149331617981197,Medium Engagement,Mobile
1317175,50,male,620.0,3681,1900,463,3801,0.3148528873814233,Medium Engagement,Mobile
1736833,15,female,613.0,4681,907,292,1388,0.3141661185025332,Medium Engagement,Web
1584342,21,male,972.0,3234,2133,51,12,0.31403644232687994,Medium Engagement,Mobile
2038559,84,male,1200.0,4637,434,3,85,0.31385436329790606,Medium Engagement,Web
1656844,88,male,736.0,4558,854,296,4573,0.31371031096074914,Medium Engagement,Both
1684195,23,male,529.0,1056,665,25111,3447,0.3136385708222113,Medium Engagement,Mobile
1275846,39,male,526.0,4297,1279,787,2855,0.3135278922082676,Medium Engagement,Mobile
2141603,20,male,517.0,2983,2772,253,1763,0.31333693171767407,Medium Engagement,Mobile
1539007,103,female,812.0,4673,381,1955,3268,0.3125678775041716,Medium Engagement,Both
1007637,40,male,1278.0,2840,2213,0,6,0.3121010215791103,Medium Engagement,None
1758272,22,male,445.0,4037,1704,147,2997,0.3119768469768017,Medium Engagement,Mobile
1212832,19,female,1413.0,4482,305,71,1575,0.3116181752276805,Medium Engagement,Both
2188467,18,male,1010.0,2958,2195,806,764,0.3114178527856085,Medium Engagement,Web
1183492,108,female,1463.0,3448,1308,330,581,0.31120790378269725,Medium Engagement,Web
1147692,15,female,552.0,4373,1289,15,159,0.3108993448779417,Medium Engagement,Mobile
1292537,16,female,631.0,3763,498,6369,19397,0.3108596577856797,Medium Engagement,Both
1394092,103,male,1526.0,2646,2093,216,527,0.3104280014879416,Medium Engagement,Mobile
1982264,19,male,856.0,2225,1622,8256,16150,0.31029883499783906,Medium Engagement,Both
2148846,38,female,1384.0,2729,1871,1686,1609,0.3096795347150436,Medium Engagement,Web
1531854,108,male,1952.0,3048,1233,132,852,0.309273217790058,Medium Engagement,Mobile
1865407,65,male,1541.0,2860,1503,2046,1702,0.3090122338878807,Medium Engagement,Mobile
1568432,17,female,766.0,3163,2160,817,1127,0.30884478038366125,Medium Engagement,Mobile
2144652,16,female,342.0,2944,1530,8257,3950,0.3084753639825202,Medium Engagement,Both
1426597,73,female,649.0,4720,708,270,1625,0.3082689143884235,Medium Engagement,Web
1384977,17,female,980.0,3470,1540,1202,1321,0.307953206621384,Medium Engagement,Web
2131474,84,female,405.0,4507,1172,162,1745,0.3074181011392905,Medium Engagement,Mobile
1335548,107,male,1072.0,4284,792,2,9,0.30702353832764734,Medium Engagement,Mobile
2107637,38,female,1292.0,3044,1712,730,2735,0.30685382017686796,Medium Engagement,Mobile
1343302,20,male,1252.0,2763,1920,1367,3632,0.3064715509176582,Medium Engagement,Both
1731299,17,female,829.0,2838,2137,2320,1366,0.3063949436100668,Medium Engagement,Mobile
1554413,18,female,1075.0,1848,850,12172,30222,0.3063249610692676,Medium Engagement,Mobile
1641850,112,male,1165.0,4310,543,664,227,0.30621010093299933,Medium Engagement,Web
1299870,18,male,894.0,3440,1138,3835,3833,0.30581295353969623,Medium Engagement,Mobile
2060728,23,female,1050.0,3504,1598,43,206,0.3057392622177435,Medium Engagement,Mobile
1132164,20,female,699.0,3611,973,4507,7768,0.30558039581198637,Medium Engagement,Mobile
1287555,16,female,558.0,2219,1712,9633,8874,0.305493599569616,Medium Engagement,Both
2180017,17,female,658.0,3525,1896,105,3167,0.3052169059453011,Medium Engagement,Both
1906275,50,male,750.0,4281,873,1137,906,0.3051200935741385,Medium Engagement,Mobile
2173258,102,male,1569.0,3877,680,44,12,0.3050362548854174,Medium Engagement,Mobile
1660276,66,male,716.0,4917,431,0,114,0.3047984745393669,Medium Engagement,None
2164373,19,female,839.0,3721,1535,68,825,0.3043086838620725,Medium Engagement,Mobile
1078115,19,male,396.0,4770,639,1345,1951,0.3041996680100543,Medium Engagement,Mobile
1888428,94,female,864.0,4359,835,110,211,0.30398286331810903,Medium Engagement,Mobile
1299284,15,female,437.0,3820,1834,0,778,0.3039790851458937,Medium Engagement,None
1244332,16,female,419.0,4663,542,2119,4404,0.3032265031474655,Medium Engagement,Mobile
1368252,19,male,345.0,3620,1953,432,6373,0.3028944610406771,Medium Engagement,Mobile
1098559,16,female,592.0,4737,701,2,61,0.3027384876578868,Medium Engagement,Mobile
1239018,15,female,596.0,4080,793,3306,3069,0.3026243862817808,Medium Engagement,Both
2018614,17,female,516.0,4282,1192,251,1115,0.3024880875216319,Medium Engagement,Mobile
1008629,14,female,357.0,4641,755,1403,2786,0.30248490226150004,Medium Engagement,Mobile
1529639,96,female,604.0,4803,555,313,501,0.3024311140747172,Medium Engagement,Web
2186319,18,female,1544.0,2242,1756,3090,6645,0.30208267720639037,Medium Engagement,Both
1930403,16,female,444.0,4220,1361,49,619,0.3020667386656403,Medium Engagement,Mobile
1915130,29,female,475.0,3441,2074,408,1638,0.3020396458774389,Medium Engagement,Mobile
1587019,20,female,562.0,3729,1763,60,149,0.301900767560642,Medium Engagement,Mobile
1210151,21,female,1684.0,4080,278,27,446,0.30163576339454734,Medium Engagement,Both
1479575,20,female,835.0,3170,1768,1485,4604,0.3015613000061277,Medium Engagement,Web
1537257,15,female,619.0,4468,751,959,970,0.30109964918403226,Medium Engagement,Both
1638678,25,male,1329.0,3276,1050,2269,3060,0.3009599569920073,Medium Engagement,Mobile
1949609,27,female,1416.0,3561,1039,151,754,0.3004245080552398,Medium Engagement,Mobile
1871174,20,female,968.0,3071,1827,936,3038,0.30016521463270623,Medium Engagement,Web
2042824,18,male,51.0,4817,32,1346,52964,0.2998738184897662,Medium Engagement,Mobile
1063988,22,male,330.0,4754,506,1950,3369,0.2997187416386194,Medium Engagement,Web
1350156,20,male,508.0,4249,862,1758,5294,0.2997059433971761,Medium Engagement,Both
1601426,17,female,1426.0,3384,1100,756,646,0.2995938701855675,Medium Engagement,Web
1861730,21,female,1177.0,3442,1037,1571,7340,0.299216806622019,Medium Engagement,Mobile
1967555,24,female,219.0,4587,583,2776,6652,0.29874272116329353,Medium Engagement,Web
1966857,102,,2389.0,2548,1130,50,29,0.2985103242972561,Medium Engagement,Mobile
1080716,61,male,1159.0,3056,1788,53,116,0.2973781889613644,Medium Engagement,Mobile
1892160,17,female,1063.0,3891,623,2122,2061,0.296936009627966,Medium Engagement,Mobile
1920304,16,female,516.0,2977,2425,443,250,0.29659211778254496,Medium Engagement,Both
1876432,18,female,434.0,4587,874,2,1,0.2958744844371439,Medium Engagement,Web
1925828,16,female,491.0,3357,1842,1414,1529,0.29527058066009265,Medium Engagement,Both
1099760,15,female,546.0,3712,482,6285,9515,0.29520003763833347,Medium Engagement,Mobile
1670458,78,female,859.0,3727,862,2559,3723,0.29514732508654246,Medium Engagement,Mobile
1175550,15,female,632.0,4475,750,120,500,0.2949858658134212,Medium Engagement,Both
1025999,47,female,768.0,3117,1799,1500,942,0.2944797898463911,Medium Engagement,Web
1965680,19,female,1653.0,3453,627,345,9071,0.2942946531759739,Medium Engagement,Web
1734687,58,male,1057.0,2786,2092,114,304,0.29409448365649604,Medium Engagement,Mobile
1856665,34,male,392.0,2634,2201,4202,2458,0.29406736053978405,Medium Engagement,Both
1129143,52,female,595.0,3945,1311,150,1025,0.29401952788294805,Medium Engagement,Both
1357273,103,female,899.0,4597,331,28,1223,0.29353896631793075,Medium Engagement,Mobile
1103619,20,female,669.0,3056,2184,0,578,0.2930066879385745,Medium Engagement,None
1888602,68,male,488.0,3206,2212,1,2,0.29289301268017404,Medium Engagement,Mobile
1617593,19,female,404.0,3529,1919,166,491,0.29282926401177745,Medium Engagement,Mobile
1579327,19,female,421.0,4295,897,1183,2123,0.29256601295449575,Medium Engagement,Both
2090699,103,female,783.0,4923,96,26,80,0.2923179162833911,Medium Engagement,Mobile
1726799,23,female,674.0,4371,768,21,23,0.29142652713766937,Medium Engagement,Mobile
1297341,17,male,711.0,2756,2338,511,627,0.29131896501795496,Medium Engagement,Mobile
1528635,80,female,929.0,4514,286,424,220,0.29097181317196585,Medium Engagement,Mobile
1839020,19,female,403.0,3949,1383,403,1501,0.2909021920872284,Medium Engagement,Mobile
1291288,87,male,1405.0,3850,551,125,626,0.2907176590795164,Medium Engagement,Web
1850675,18,female,368.0,3728,1654,444,574,0.29070274493791165,Medium Engagement,Mobile
1124345,108,female,1614.0,3008,1191,319,742,0.2904684278819075,Medium Engagement,Both
1379819,66,male,733.0,2691,2376,407,299,0.2898239255672569,Medium Engagement,Mobile
1749991,107,male,328.0,3748,396,6203,19674,0.2895859844301792,Medium Engagement,Both
1783264,20,male,267.0,2536,610,14355,5151,0.2892587708112506,Medium Engagement,Both
1149793,20,male,534.0,3048,2248,26,120,0.28909452301081184,Medium Engagement,Mobile
1069526,18,female,621.0,3216,1626,2017,1995,0.28905726650455854,Medium Engagement,Both
1825800,17,male,1221.0,3563,1023,25,113,0.28894125560956924,Medium Engagement,Web
1930748,16,female,658.0,4705,282,518,699,0.2886435980614378,Medium Engagement,Mobile
1093992,108,male,1111.0,4089,510,372,398,0.28861942724966083,Medium Engagement,Web
1844239,19,female,553.0,4103,753,1690,5221,0.2885840218247074,Medium Engagement,Mobile
1674584,17,female,401.0,818,395,1016,261197,0.2878576428776392,Medium Engagement,Both
1364887,20,female,1089.0,2392,1408,5339,4964,0.2877873413105992,Medium Engagement,Mobile
1597192,17,male,54.0,2842,2276,3701,1908,0.28768665484018097,Medium Engagement,Web
1800318,19,female,1051.0,3951,568,862,3032,0.28746311853476975,Medium Engagement,Web
1466914,23,male,1320.0,2925,1477,466,689,0.28713776611182806,Medium Engagement,Both
1824490,15,female,646.0,4526,402,94,7711,0.2867638084667569,Medium Engagement,Mobile
1197454,24,male,451.0,4653,512,406,797,0.2863946324527249,Medium Engagement,Both
1852952,17,male,243.0,1960,1569,11439,10850,0.2862841100647831,Medium Engagement,Both
2007684,18,female,617.0,4384,669,196,328,0.2862122557155758,Medium Engagement,Mobile
1219750,19,female,1449.0,3275,936,416,2665,0.28608062865036105,Medium Engagement,Both
2040681,21,female,1369.0,3716,596,221,1726,0.28597126812898027,Medium Engagement,Mobile
1195943,15,female,111.0,2002,1524,11959,12554,0.2853837734517065,Medium Engagement,Mobile
1758362,18,male,565.0,2917,2279,7,13,0.28518631920388715,Medium Engagement,Mobile
1867413,18,female,1801.0,3237,411,1603,2694,0.28510994627235664,Medium Engagement,Both
1014347,18,male,834.0,3121,1721,270,1958,0.28505376325868864,Medium Engagement,Web
1432744,60,female,1583.0,2849,1191,750,1467,0.284900614575187,Medium Engagement,Mobile
1855389,17,female,1206.0,3430,1039,205,1596,0.28481183184918535,Medium Engagement,Mobile
1848042,28,female,508.0,4562,451,438,4691,0.28478977434793384,Medium Engagement,Mobile
1954646,22,male,274.0,4078,773,3228,1956,0.28469703328918916,Medium Engagement,Both
1221158,77,male,984.0,3279,1455,23,511,0.2843321348373561,Medium Engagement,Web
1007614,50,male,1943.0,2697,1024,598,296,0.2842175632194385,Medium Engagement,Mobile
1799588,16,female,660.0,4279,612,299,4278,0.2840288650683349,Medium Engagement,Mobile
1330487,19,male,594.0,3564,781,4007,6578,0.28401620085454454,Medium Engagement,Both
1111675,17,female,1532.0,3461,718,5,141,0.2837649778062369,Medium Engagement,Mobile
1007750,113,male,1895.0,2417,1397,360,140,0.28369176375493765,Medium Engagement,Both
1033021,17,female,797.0,3973,883,87,335,0.2834077011174555,Medium Engagement,Web
1812241,103,female,1981.0,2505,1125,818,857,0.28333957414509325,Medium Engagement,Mobile
1532834,22,female,152.0,4696,231,2724,6012,0.28318367763963903,Medium Engagement,Mobile
1383700,18,female,540.0,3718,1407,17,66,0.28270337472667506,Medium Engagement,Mobile
1292166,108,female,1026.0,4227,335,269,855,0.28264917001767753,Medium Engagement,Web
1730678,19,male,1561.0,3131,970,163,1228,0.28264559188860544,Medium Engagement,Web
1535797,16,female,1251.0,2768,1042,2053,20303,0.2825319765313844,Medium Engagement,Web
1122747,108,female,1101.0,4063,399,388,1161,0.28217575962010666,Medium Engagement,Web
1024869,57,female,2226.0,2521,909,467,209,0.28214316178511395,Medium Engagement,Mobile
1294472,61,male,797.0,4478,321,144,6,0.28213114812028806,Medium Engagement,Web
1349746,16,male,197.0,4190,1170,230,1703,0.2817936327762893,Medium Engagement,Both
1913961,21,female,412.0,4546,422,1064,2794,0.28152351880768706,Medium Engagement,Mobile
1926655,19,female,469.0,4863,241,37,166,0.28141774626827043,Medium Engagement,Mobile
1357077,21,male,952.0,2766,1931,216,225,0.2810429532476588,Medium Engagement,Mobile
1638976,18,female,401.0,2281,1790,7176,3256,0.281033328655294,Medium Engagement,Mobile
1668695,24,female,182.0,2938,1272,6018,17765,0.2808185875152806,Medium Engagement,Mobile
1033851,19,female,581.0,3118,1782,724,3589,0.2806204060463301,Medium Engagement,Both
1878566,29,female,829.0,1570,1030,13692,3114,0.28048897701218445,Medium Engagement,Mobile
1903656,17,female,357.0,4654,141,1608,9592,0.28035600694838825,Medium Engagement,Mobile
1536090,18,female,398.0,4147,926,457,2180,0.2796121270292427,Medium Engagement,Mobile
1538511,46,female,447.0,1989,1710,8275,11436,0.27955872808735854,Medium Engagement,Web
2136143,23,male,422.0,4047,1097,66,54,0.27919161736162035,Medium Engagement,Both
1299454,16,female,776.0,2993,1681,768,3659,0.2791204308782353,Medium Engagement,Both
2008877,108,male,1587.0,2460,1158,2753,593,0.2790288205079658,Medium Engagement,Mobile
1432216,68,female,869.0,4207,488,14,178,0.27896594462185237,Medium Engagement,Mobile
1085984,21,male,993.0,2245,1397,6040,2568,0.27895262463676274,Medium Engagement,Web
2020433,27,female,1487.0,2907,983,1488,1245,0.2789278303020566,Medium Engagement,Both
1512331,80,male,788.0,3331,1476,28,738,0.27883391282249687,Medium Engagement,Mobile
2010676,16,male,460.0,3079,1994,453,254,0.27837742563907925,Medium Engagement,Mobile
1397326,25,male,404.0,3113,2080,21,24,0.27796174732689166,Medium Engagement,Mobile
1767178,94,male,1142.0,2517,1977,1,8,0.2778190712014714,Medium Engagement,Mobile
1604095,15,female,371.0,4826,97,815,4801,0.2776515165916566,Medium Engagement,Mobile
1148141,16,female,682.0,3647,1168,355,539,0.2774029271639102,Medium Engagement,Mobile
1424581,19,female,1177.0,2507,1610,1746,2458,0.27704567297511373,Medium Engagement,Both
1313410,108,female,887.0,3579,1076,90,284,0.2769998234491272,Medium Engagement,Mobile
1628666,103,male,825.0,3167,1271,1854,814,0.276981535113017,Medium Engagement,Mobile
1430725,38,male,446.0,4413,315,1962,650,0.2767407068870369,Medium Engagement,Mobile
1818104,17,female,519.0,2238,1689,5591,15623,0.2764594530897364,Medium Engagement,Both
1226940,15,female,665.0,2935,1660,1353,5977,0.27629154000823664,Medium Engagement,Both
1212514,17,female,524.0,4452,454,328,548,0.27606468363319675,Medium Engagement,Mobile
2063006,20,female,402.0,1988,332,7351,106025,0.275919788549881,Medium Engagement,Mobile
1669037,19,female,962.0,3499,794,1451,2821,0.2756936313183795,Medium Engagement,Both
2002114,101,female,818.0,3597,1109,16,365,0.27568197492054686,Medium Engagement,Web
1959232,17,female,1151.0,2184,1584,3156,9863,0.275046000779117,Medium Engagement,Web
1769821,19,female,608.0,4507,296,202,1185,0.2747304407915284,Medium Engagement,Mobile
1273199,16,female,589.0,2972,1717,1319,2864,0.27463527189288334,Medium Engagement,Web
1310982,17,female,629.0,3505,1224,861,846,0.27462710392309936,Medium Engagement,Mobile
1243228,102,female,390.0,2842,1735,3273,2176,0.2744290294959229,Medium Engagement,Web
1539861,16,male,644.0,2669,2195,111,1515,0.27429181800512575,Medium Engagement,Web
2174049,20,male,1716.0,2858,825,640,2552,0.2740037680217344,Medium Engagement,Mobile
1247217,20,male,527.0,2712,2289,2,317,0.2736357121609647,Medium Engagement,Mobile
1329365,19,male,938.0,2941,1579,29,3916,0.2736092231684757,Medium Engagement,Mobile
1731072,21,female,1263.0,1602,1085,8721,12938,0.2734376124581082,Medium Engagement,Both
1476864,16,female,313.0,4578,399,253,6118,0.2733935843261324,Medium Engagement,Web
1008872,25,female,273.0,2332,1849,6135,4952,0.2733615551092348,Medium Engagement,Mobile
1940972,38,male,1077.0,3105,1325,5,14,0.27314209933546946,Medium Engagement,Web
1422110,19,female,402.0,4732,196,294,1893,0.27276111256958374,Medium Engagement,Mobile
1995608,21,male,996.0,2473,1999,60,3409,0.2727437714208765,Medium Engagement,Mobile
1483216,18,male,616.0,4431,188,509,6103,0.2722518212260381,Medium Engagement,Web
1372279,103,female,574.0,4229,594,49,1196,0.27216038413904,Medium Engagement,Mobile
1893449,15,female,559.0,3500,1311,465,743,0.27199415713760716,Medium Engagement,Mobile
1557619,18,female,438.0,3547,1205,1337,2011,0.2713990650036302,Medium Engagement,Mobile
1030958,17,female,600.0,2540,2142,1185,1193,0.2713879018542633,Medium Engagement,Mobile
1924964,19,male,487.0,3285,1256,2094,5122,0.2713084098837685,Medium Engagement,Web
2027384,101,male,1505.0,1310,545,11696,17434,0.27124907951209143,Medium Engagement,Mobile
1892405,20,female,901.0,4106,398,40,71,0.2711476283638499,Medium Engagement,Mobile
1446210,17,female,309.0,4540,454,290,2047,0.271104667311567,Medium Engagement,Web
1257921,61,male,1695.0,2845,505,2074,6138,0.2710631913912893,Medium Engagement,Both
1340926,108,male,1384.0,2511,1459,759,875,0.27077963295006824,Medium Engagement,Mobile
1128034,23,female,795.0,3993,198,2112,4548,0.270622232139885,Medium Engagement,Mobile
1841932,18,female,953.0,2569,1275,3810,3571,0.27061340122879,Medium Engagement,Web
1551501,100,male,647.0,2645,2129,262,299,0.2703026407390264,Medium Engagement,Web
1468499,18,male,728.0,2609,2085,251,283,0.27012173219987307,Medium Engagement,Mobile
1522217,94,male,1727.0,2200,1552,80,286,0.27000641554810606,Medium Engagement,Web
1766297,18,female,1174.0,2209,1184,5006,5190,0.2692660450027629,Medium Engagement,Web
1359370,19,female,668.0,3675,764,1337,4036,0.2691566979694705,Medium Engagement,Both
1873314,45,female,1025.0,3144,1172,431,640,0.26912582841345867,Medium Engagement,Both
1266118,20,female,926.0,2843,1042,3547,2317,0.26893739324944427,Medium Engagement,Mobile
1166085,20,female,463.0,4180,649,212,2001,0.2689368959689526,Medium Engagement,Mobile
1494340,103,female,677.0,4075,611,0,7,0.26878167128424446,Medium Engagement,None
1641987,19,male,1440.0,2564,1394,248,314,0.268510536742975,Medium Engagement,Both
1585761,68,male,655.0,2766,1915,411,560,0.2678879500940418,Medium Engagement,Both
1090396,19,female,247.0,2653,702,10386,5354,0.2672284998888122,Medium Engagement,Both
2083603,49,female,1827.0,2360,950,1426,3433,0.26698615723080793,Medium Engagement,Web
1891491,102,male,1459.0,2356,1480,702,711,0.26692631363246155,Medium Engagement,Both
2092631,23,male,285.0,4478,275,1154,4371,0.2668312685621132,Medium Engagement,Both
1058648,103,male,1421.0,2540,1405,32,1660,0.26622500138223437,Medium Engagement,Mobile
1154291,18,female,666.0,4351,270,8,86,0.2659385490511691,Medium Engagement,Mobile
1581307,20,male,2026.0,1863,1315,1290,548,0.26558045841205324,Medium Engagement,Both
1257473,17,female,258.0,4230,697,467,1175,0.26539499667720673,Medium Engagement,Both
1708655,18,female,463.0,4380,426,0,138,0.2652157438609817,Medium Engagement,None
1784983,23,male,497.0,2733,2044,412,832,0.26510407272475955,Medium Engagement,Mobile
1603868,24,female,601.0,3769,479,2128,6362,0.26505478627417484,Medium Engagement,Mobile
1223717,108,female,1055.0,2922,1366,4,107,0.2648397056213066,Medium Engagement,Mobile
1653640,68,male,593.0,3628,837,1386,921,0.26471425835477985,Medium Engagement,Both
1910579,21,male,668.0,2601,2074,9,55,0.2642154096475464,Medium Engagement,Mobile
1540687,15,female,417.0,4191,382,1253,3937,0.2641848389124363,Medium Engagement,Both
1661104,15,female,500.0,3478,902,2318,1703,0.26381175045405714,Medium Engagement,Web
1022725,19,male,432.0,2764,2018,637,352,0.26374190972704487,Medium Engagement,Both
1076918,18,female,601.0,2855,1521,1911,1767,0.26368283046773155,Medium Engagement,Mobile
1527265,96,female,2341.0,2236,739,288,353,0.26364561846440476,Medium Engagement,Both
1851736,20,female,469.0,4185,580,48,109,0.2633924904461527,Medium Engagement,Mobile
1942093,19,male,653.0,3623,856,215,6699,0.2633421485915585,Medium Engagement,Mobile
1976445,43,female,995.0,2564,1408,1963,2345,0.26313597893197604,Medium Engagement,Mobile
1415543,19,female,511.0,2954,1069,4217,3696,0.26243834724903375,Medium Engagement,Both
1839000,23,male,883.0,2211,1684,3294,546,0.26240178549721244,Medium Engagement,Both
1164641,36,male,449.0,2856,1674,1532,3658,0.26228367451644136,Medium Engagement,Web
1719092,100,female,2144.0,1690,1315,1225,555,0.26192156187686966,Medium Engagement,Both
1001431,18,female,1249.0,2843,828,1679,5765,0.26180627068194684,Medium Engagement,Mobile
1945705,17,female,882.0,3357,978,177,314,0.26147344506114356,Medium Engagement,Both
2142501,17,female,862.0,2420,1916,405,1847,0.2611949861094828,Medium Engagement,Mobile
1418432,100,male,941.0,3865,413,1,7,0.2611849048744742,Medium Engagement,Web
1485353,108,male,1102.0,2430,1754,26,58,0.26096444959800197,Medium Engagement,Mobile
1905394,14,female,309.0,3303,1284,1819,2384,0.2607811673686098,Medium Engagement,Mobile
1105790,20,female,1519.0,2669,940,769,1354,0.2606524516883558,Medium Engagement,Web
1439214,33,male,266.0,4792,42,177,1052,0.26030089682817187,Medium Engagement,Mobile
1973701,17,female,1436.0,3299,441,236,667,0.2598247049475547,Medium Engagement,Web
1832848,23,female,1627.0,3095,474,222,312,0.2598016123186667,Medium Engagement,Web
1722067,54,female,1568.0,2417,698,3227,3110,0.25943900686017707,Medium Engagement,Mobile
1008166,16,female,433.0,3617,927,338,9852,0.25934511510082786,Medium Engagement,Mobile
1333011,19,female,715.0,3153,1338,6,387,0.25920212065935694,Medium Engagement,Mobile
1500166,70,male,785.0,2664,1468,1621,3067,0.258903826737066,Medium Engagement,Both
1875104,18,female,785.0,4210,156,0,39,0.25886316953258276,Medium Engagement,None
1408420,15,female,1457.0,2989,607,842,1254,0.25837339798802605,Medium Engagement,Web
1820513,20,female,1092.0,1282,936,11130,8704,0.257769659835199,Medium Engagement,Web
1218476,21,female,407.0,2553,1767,2415,5345,0.25770264352446964,Medium Engagement,Mobile
1879965,15,female,575.0,4173,294,336,1845,0.2576684048878968,Medium Engagement,Mobile
1415176,15,female,593.0,3459,1068,166,836,0.25749879952868315,Medium Engagement,Both
1983951,20,female,792.0,2624,517,7460,2513,0.25739067765479895,Medium Engagement,Web
1880489,99,female,1238.0,3216,705,99,19,0.25730216361707026,Medium Engagement,Mobile
1267270,98,female,1293.0,3483,386,0,8,0.2572965200516738,Medium Engagement,None
1715024,18,female,395.0,4376,326,37,153,0.2572430955163486,Medium Engagement,Mobile
1760041,19,female,484.0,3463,1024,875,2000,0.2569079193337179,Medium Engagement,Both
1564560,23,male,1200.0,2211,1804,0,1,0.2566886037811298,Medium Engagement,None
1173053,17,female,532.0,3894,366,1848,1444,0.25665580693892637,Medium Engagement,Mobile
1716377,83,male,2124.0,2191,894,30,75,0.25620383454822415,Medium Engagement,Mobile
1757787,18,female,592.0,2426,585,8667,9534,0.25604983825327254,Medium Engagement,Mobile
2126022,39,male,947.0,1729,589,10115,18110,0.25591129085694503,Medium Engagement,Mobile
1366239,18,female,574.0,3179,1382,29,68,0.25584711789419196,Medium Engagement,Mobile
1772227,16,female,282.0,3792,581,2259,4788,0.2557399918773252,Medium Engagement,Mobile
1817366,18,female,1297.0,2447,1036,2164,2945,0.25573247484177725,Medium Engagement,Web
1919841,45,female,1419.0,1230,491,11615,11929,0.255610404579412,Medium Engagement,Mobile
2136337,103,female,920.0,4119,36,41,505,0.2555849657785796,Medium Engagement,Web
1245957,15,female,476.0,2430,2177,390,1613,0.2555553222142982,Medium Engagement,Both
1406197,102,male,1085.0,2560,1525,5,2,0.255491494182858,Medium Engagement,Mobile
1197783,53,female,2220.0,1990,623,1700,6043,0.25537561616589993,Medium Engagement,Mobile
1508742,45,female,1627.0,2380,985,849,2766,0.2550274822962598,Medium Engagement,Both
2113247,18,female,1556.0,3158,299,467,1702,0.2541778016784772,Medium Engagement,Mobile
1729341,21,male,587.0,2784,809,5177,5423,0.25385729222659315,Medium Engagement,Mobile
1321996,18,female,702.0,3103,1240,95,2649,0.2537529505207973,Medium Engagement,Mobile
1636714,15,female,887.0,2956,1248,56,275,0.2533860796602279,Medium Engagement,Mobile
1421401,19,male,1186.0,2358,1514,385,1023,0.25333735865861023,Medium Engagement,Mobile
1744078,22,female,84.0,4508,195,905,4844,0.25326774039235583,Medium Engagement,Both
1639565,59,female,499.0,2834,1375,2134,2763,0.2532346685719616,Medium Engagement,Both
1763036,18,male,806.0,2530,1777,53,1,0.2531794604878985,Medium Engagement,Both
2122302,62,male,758.0,4066,214,10,90,0.25317826061160775,Medium Engagement,Web
1647174,113,female,1503.0,2830,735,224,256,0.25298849169118653,Medium Engagement,Mobile
1656477,68,male,550.0,584,347,21652,10220,0.2529619047180293,Medium Engagement,Mobile
1564435,23,female,1115.0,2901,1068,38,507,0.252835278360976,Medium Engagement,Both
1133967,64,male,374.0,4524,100,13,208,0.25269896026029576,Medium Engagement,Mobile
1761484,103,female,560.0,3018,547,5595,1926,0.25245682880111925,Medium Engagement,Web
1237158,19,male,481.0,2476,2103,66,2196,0.25242466119838897,Medium Engagement,Web
1301550,26,female,515.0,3898,592,27,579,0.2517879710720453,Medium Engagement,Mobile
1333327,103,male,1024.0,2236,1632,1296,220,0.2517365338970098,Medium Engagement,Web
1550870,16,female,511.0,3567,810,695,1842,0.25159667019807025,Medium Engagement,Mobile
1314118,51,female,391.0,3279,1115,1383,1926,0.2515011981416765,Medium Engagement,Mobile
1336111,63,male,612.0,2630,1655,1031,753,0.2514643912372835,Medium Engagement,Mobile
1267229,24,female,484.0,1171,695,14799,22513,0.251243621606633,Medium Engagement,Mobile
1462904,16,female,527.0,3163,1345,50,71,0.2511725072100697,Medium Engagement,Mobile
1717724,20,female,242.0,2355,1773,3981,3391,0.2510291304182737,Medium Engagement,Web
1131419,49,male,1320.0,2036,1588,940,503,0.2509824890305699,Medium Engagement,Web
1749626,108,female,1291.0,3403,314,123,381,0.25092873979428476,Medium Engagement,Mobile
1071836,16,female,377.0,4105,306,1005,1805,0.25063047847045355,Medium Engagement,Both
1932226,21,female,975.0,2861,1106,563,973,0.2504861980153536,Medium Engagement,Both
1186184,108,female,854.0,3253,669,1329,2088,0.2504746029266716,Medium Engagement,Both
2142811,20,female,1537.0,1722,1017,4501,6016,0.25043196401724493,Medium Engagement,Both
1176259,68,male,761.0,2440,1735,666,500,0.2496960927617582,Medium Engagement,Mobile
1939424,18,female,454.0,2520,1672,1914,5195,0.2495826932222865,Medium Engagement,Mobile
1785570,17,female,510.0,3197,1147,899,337,0.24949640601444328,Medium Engagement,Web
1878887,16,female,350.0,3704,528,2274,1163,0.24930648632464963,Medium Engagement,Mobile
1458985,28,female,290.0,2218,1618,4626,10268,0.2492879677344282,Medium Engagement,Mobile
1458216,15,female,882.0,3407,627,364,1213,0.24925014923075756,Medium Engagement,Mobile
2053925,101,male,1865.0,1836,1379,37,16,0.24921756781149002,Medium Engagement,Web
1804255,18,female,682.0,3989,260,119,596,0.24911198309128538,Medium Engagement,Mobile
1119263,86,female,939.0,3387,662,12,1,0.24891590754895376,Medium Engagement,Both
1692860,21,female,1165.0,3257,501,240,2277,0.2489022724757406,Medium Engagement,Both
1743715,23,male,558.0,2982,1464,0,39,0.2487828296478071,Medium Engagement,None
1807752,16,female,885.0,2502,1315,1870,883,0.24838245135145637,Medium Engagement,Web
1565349,19,female,466.0,3070,1365,348,2011,0.24835901772049096,Medium Engagement,Mobile
1833990,24,female,1663.0,2039,1100,1390,1546,0.24835599942783199,Medium Engagement,Both
1148962,14,female,202.0,2998,1505,1205,5407,0.24827001477341498,Medium Engagement,Mobile
2075815,20,female,464.0,3411,529,3158,2061,0.24765154763962646,Medium Engagement,Mobile
1110149,18,female,430.0,2435,1614,2840,3135,0.24711803005117294,Medium Engagement,Web
1257757,18,female,268.0,2569,2130,40,430,0.246712762665541,Medium Engagement,Mobile
1504420,20,female,543.0,3437,786,663,3794,0.24660564170433605,Medium Engagement,Both
1624190,16,female,569.0,3528,824,17,325,0.2465018302286554,Medium Engagement,Mobile
1336228,68,female,977.0,3025,945,17,186,0.2461884526135467,Medium Engagement,Mobile
1184126,15,female,636.0,2769,453,6135,5444,0.24590180650245552,Medium Engagement,Mobile
1998811,17,female,189.0,3521,704,2583,4389,0.24574528692466996,Medium Engagement,Mobile
1967451,14,female,336.0,3426,1073,405,762,0.24563020966427615,Medium Engagement,Mobile
1635584,21,male,471.0,2504,1987,1,7,0.2455764127090524,Medium Engagement,Mobile
2058557,15,female,657.0,3194,1017,268,767,0.24539802615944567,Medium Engagement,Both
1006170,64,female,1340.0,2052,1408,1076,501,0.24514512064290223,Medium Engagement,Web
1992431,24,female,1486.0,1986,1245,1464,1962,0.24511242960395696,Medium Engagement,Web
1584885,59,female,1849.0,1837,949,1947,2133,0.24458433479881636,Medium Engagement,Web
1397896,39,female,397.0,2049,768,9410,12443,0.2445639628039206,Medium Engagement,Mobile
1680023,17,female,736.0,2415,1795,3,0,0.2444642394657026,Medium Engagement,Web
1719467,32,male,1120.0,2694,1105,3,38,0.24371016103218376,Medium Engagement,Mobile
1307672,65,female,858.0,2490,996,3477,641,0.24370096504658512,Medium Engagement,Mobile
1863890,55,male,847.0,3096,940,9,317,0.24337708581253364,Medium Engagement,Web
1799620,19,female,1332.0,2258,1245,450,1437,0.24308797653036587,Medium Engagement,Both
1389037,22,female,1713.0,2157,1065,2,19,0.2428242387315226,Medium Engagement,Mobile
1311714,19,male,503.0,2404,1993,4,515,0.24272980540726252,Medium Engagement,Mobile
2055363,18,male,383.0,2382,2134,23,180,0.24257812620046132,Medium Engagement,Mobile
1535976,102,female,1624.0,2435,770,194,3364,0.24254174374671228,Medium Engagement,Mobile
1813646,19,male,587.0,2274,2040,44,15,0.24234622941870007,Medium Engagement,Web
1742814,15,female,625.0,2825,1281,528,3535,0.2420618941143534,Medium Engagement,Mobile
1963616,94,male,1210.0,2352,1329,45,188,0.24190361628514795,Medium Engagement,Mobile
1974177,18,male,623.0,2255,1815,1050,2136,0.2418790766865166,Medium Engagement,Mobile
1597178,20,male,686.0,2404,1794,3,78,0.24152780352027764,Medium Engagement,Mobile
2113222,58,female,184.0,3120,957,3194,3318,0.24139950514794545,Medium Engagement,Web
1493724,16,female,718.0,3412,583,530,1649,0.24119959397120505,Medium Engagement,Both
1739975,108,male,933.0,3325,477,395,1738,0.2409326204761897,Medium Engagement,Web
2119798,21,female,1380.0,3095,333,168,495,0.2409035047225121,Medium Engagement,Mobile
2041292,50,female,814.0,2179,1551,1864,1777,0.240613765411086,Medium Engagement,Both
1710440,18,female,404.0,2014,1324,5455,15089,0.24048098712973473,Medium Engagement,Both
1123687,19,female,537.0,2671,1636,0,222,0.2404273922501146,Medium Engagement,None
1487565,108,male,800.0,2555,1042,2416,3468,0.24016446158656485,Medium Engagement,Both
1728221,15,female,534.0,3190,936,369,5770,0.24004321687680713,Medium Engagement,Mobile
1264500,18,male,516.0,2129,1678,2803,4724,0.23969913147430774,Medium Engagement,Web
2000261,21,female,1269.0,2047,640,5155,4077,0.2396586906245429,Medium Engagement,Both
1719628,63,female,991.0,2921,908,9,26,0.23960417868550596,Medium Engagement,Mobile
1438852,63,male,1397.0,1833,1620,113,832,0.23956281384672345,Medium Engagement,Web
1675135,36,female,184.0,4138,122,1315,5558,0.23954602515161955,Medium Engagement,Mobile
1671707,74,male,1662.0,1384,833,6086,1059,0.23918891144021476,Medium Engagement,Both
1824450,23,male,272.0,4274,100,170,3488,0.23889124795499211,Medium Engagement,Mobile
1306533,20,female,680.0,3273,775,228,1226,0.23886222043297858,Medium Engagement,Mobile
1240333,19,female,1583.0,2224,940,538,698,0.238770607156518,Medium Engagement,Both
1520751,27,male,1179.0,1900,1636,831,347,0.23866732334017093,Medium Engagement,Mobile
1646437,33,male,1473.0,1100,742,8749,8059,0.23791314790831947,Medium Engagement,Mobile
1280840,19,female,898.0,2832,1048,49,231,0.2378727982228792,Medium Engagement,Web
1616766,68,male,1276.0,1992,1529,199,127,0.23760830700761426,Medium Engagement,Mobile
1546436,48,male,392.0,4272,26,8,561,0.23742107416222563,Medium Engagement,Mobile
1077282,21,male,1766.0,2352,180,2897,2317,0.23736425127536248,Medium Engagement,Mobile
1229700,16,male,742.0,2264,1669,663,1362,0.23730133676091641,Medium Engagement,Web
1601244,18,female,483.0,3330,781,513,4187,0.23716972190746308,Medium Engagement,Mobile
2150204,18,female,583.0,3013,972,864,2973,0.23693457377279004,Medium Engagement,Mobile
1460631,16,male,313.0,2580,1729,887,405,0.23679535455855552,Medium Engagement,Web
1533729,19,female,1387.0,2780,551,266,818,0.23679075531346952,Medium Engagement,Mobile
1320139,113,male,1740.0,1709,1381,10,95,0.2367369790434744,Medium Engagement,Both
1408526,17,male,517.0,2458,1710,484,716,0.23645967005035481,Medium Engagement,Mobile
1005698,16,male,212.0,3869,565,252,407,0.23619341149445802,Medium Engagement,Mobile
1317774,20,female,700.0,3547,460,1,345,0.2360469568062003,Medium Engagement,Mobile
2014301,18,male,804.0,2710,1149,459,1131,0.23601466609584754,Medium Engagement,Mobile
1034591,16,female,826.0,2825,1002,514,502,0.23576772294678763,Medium Engagement,Mobile
2094770,108,male,1861.0,2234,680,44,166,0.23567276449633587,Medium Engagement,Web
1975886,28,male,431.0,2354,1964,73,80,0.2355669811873734,Medium Engagement,Mobile
1591060,18,female,247.0,2624,1770,580,528,0.23550369651410846,Medium Engagement,Mobile
1468235,84,female,1698.0,2650,408,4,23,0.23545349526355713,Medium Engagement,Mobile
1900164,23,male,1026.0,2352,790,3228,4077,0.23542676226356635,Medium Engagement,Web
1224155,113,male,1262.0,1950,1544,167,188,0.2353222361945994,Medium Engagement,Mobile
2163907,15,female,313.0,3707,530,740,781,0.23527702583862592,Medium Engagement,Web
1270799,18,female,422.0,2770,1441,462,1495,0.23520264244878508,Medium Engagement,Web
1693434,21,female,399.0,4211,28,18,1027,0.2351908612104132,Medium Engagement,Mobile
1905980,20,male,1327.0,2647,756,11,888,0.23508602773343018,Medium Engagement,Both
1670309,16,female,1042.0,2293,1410,26,683,0.23501640388201606,Medium Engagement,Mobile
1003700,69,female,1776.0,1330,947,4142,5084,0.23499491697317482,Medium Engagement,Both
1595764,23,male,173.0,4304,166,9,49,0.23495366341172957,Medium Engagement,Web
1762561,28,male,1193.0,2416,745,1425,10257,0.234857066803963,Medium Engagement,Both
1959804,18,female,644.0,2778,1131,962,856,0.2347490155126098,Medium Engagement,Mobile
1284401,22,male,65.0,2685,1832,507,3508,0.23459702600722615,Medium Engagement,Mobile
2032933,102,female,3019.0,1041,678,518,725,0.2345326232002672,Medium Engagement,Both
1136908,20,male,435.0,2939,984,1856,2704,0.23437848222593702,Medium Engagement,Mobile
2055573,18,female,416.0,3386,735,733,1557,0.23433019701413155,Medium Engagement,Mobile
1480563,18,male,486.0,2191,1509,3150,2344,0.2341990197066712,Medium Engagement,Web
1872383,21,female,1176.0,2207,965,2213,2138,0.2341083900851736,Medium Engagement,Web
1285576,21,female,1054.0,2805,802,281,451,0.234099950567477,Medium Engagement,Mobile
1688481,83,male,1158.0,1850,1018,4215,2690,0.23404484185773572,Medium Engagement,Web
1155656,19,male,647.0,2114,1915,368,409,0.2339376694654521,Medium Engagement,Web
2025395,18,female,247.0,2839,1420,1042,1300,0.23380073097417378,Medium Engagement,Mobile
1711518,19,female,622.0,2560,925,3585,773,0.23351284419296064,Medium Engagement,Web
1934957,108,female,3101.0,1164,497,248,281,0.2334713134062259,Medium Engagement,Both
2033463,18,female,551.0,3014,1028,226,3037,0.23312647585190455,Medium Engagement,Mobile
1119831,18,female,570.0,3475,546,233,1576,0.23311943870015397,Medium Engagement,Mobile
1312765,24,male,1068.0,2143,1504,69,48,0.23303446714355025,Medium Engagement,Both
2127584,16,female,744.0,2427,1436,282,3317,0.23289163564404053,Medium Engagement,Web
1404979,16,female,655.0,2758,1153,386,3592,0.2328281353590913,Medium Engagement,Mobile
1313584,71,female,2283.0,1533,813,754,785,0.2327879928274098,Medium Engagement,Web
1371277,96,female,1446.0,2914,324,5,11,0.23276262524670915,Medium Engagement,Both
1356284,17,female,254.0,3735,486,852,929,0.23276136547728174,Medium Engagement,Web
1942327,53,female,1816.0,1837,1041,282,195,0.23270249587359443,Medium Engagement,Web
1292451,20,female,640.0,2502,1429,658,791,0.2324532467068039,Medium Engagement,Mobile
1432950,20,female,1366.0,2801,510,3,346,0.23241879687968697,Medium Engagement,Mobile
1908082,103,male,1300.0,1744,937,4307,2860,0.2324011959038529,Medium Engagement,Mobile
1850094,18,male,532.0,2318,1754,515,527,0.23229271026744072,Medium Engagement,Both
1125963,15,female,1168.0,1854,833,4981,3050,0.2321738237530824,Medium Engagement,Both
1772336,17,female,1270.0,1458,1039,5494,4388,0.2319907560787724,Medium Engagement,Web
1743401,24,male,1465.0,1722,1229,1827,744,0.23188879889565858,Medium Engagement,Mobile
1458639,15,female,634.0,2990,901,430,3339,0.23160062349824484,Medium Engagement,Both
1775690,19,male,1475.0,2416,779,62,323,0.23151130316195762,Medium Engagement,Both
1712413,20,female,508.0,2583,646,5025,5969,0.2312156689350384,Medium Engagement,Web
2115148,103,female,1180.0,3191,246,75,300,0.2311325315503318,Medium Engagement,Both
1144249,19,female,327.0,3036,1141,644,1394,0.23106446689274077,Medium Engagement,Both
2033044,25,female,329.0,1315,1003,11257,13397,0.23082336692393415,Medium Engagement,Mobile
1430616,16,female,717.0,2733,724,2671,1923,0.23073791101190363,Medium Engagement,Mobile
1411015,21,male,366.0,2251,1993,279,375,0.23049655823934834,Medium Engagement,Both
2050257,20,male,940.0,2291,655,3834,8861,0.2301937300722361,Medium Engagement,Web
2149030,20,female,758.0,2885,850,665,1480,0.23018081596601736,Medium Engagement,Both
1963699,18,female,445.0,1921,858,8719,584,0.23011714806836014,Medium Engagement,Mobile
1708796,21,female,561.0,2247,1848,0,1,0.23010510717585816,Medium Engagement,None
1476056,17,female,1150.0,2581,587,1549,4415,0.23007018982995778,Medium Engagement,Both
1009782,18,female,270.0,3160,1165,0,18,0.22961310694195167,Medium Engagement,None
2090566,56,female,1474.0,1401,777,5710,6290,0.22937645305397805,Medium Engagement,Web
1256153,18,female,21.0,1968,1720,4401,13412,0.2292761595679856,Medium Engagement,Mobile
1918548,89,female,1536.0,2025,946,854,676,0.2292085973717582,Medium Engagement,Mobile
1546204,31,female,937.0,2298,1045,1870,2241,0.22851672242076396,Medium Engagement,Both
1604966,56,male,1807.0,2092,712,120,431,0.2282339006288251,Medium Engagement,Mobile
1657039,15,female,1071.0,2111,860,3025,5183,0.22794708358103077,Medium Engagement,Web
2137946,64,male,1762.0,2025,834,76,31,0.22791244198575866,Medium Engagement,Both
2047056,19,female,553.0,3014,584,1949,6011,0.22779375422320466,Medium Engagement,Mobile
2107126,20,female,1345.0,2623,593,69,758,0.22722301708831938,Medium Engagement,Mobile
1116336,16,male,506.0,3561,260,1066,1136,0.22692293899031424,Medium Engagement,Mobile
1593513,16,female,426.0,3282,426,1872,5435,0.22665472406090822,Medium Engagement,Web
1253931,36,male,1746.0,1759,1005,569,1045,0.22659573097386626,Medium Engagement,Mobile
1314660,18,female,535.0,2597,1052,1927,3924,0.22657111858315362,Medium Engagement,Mobile
2146524,20,male,688.0,2596,1127,804,1259,0.22646638054806534,Medium Engagement,Web
2135122,108,male,3139.0,1343,167,18,14,0.22641421328359232,Medium Engagement,Web
1768936,19,female,486.0,3080,944,99,486,0.22635312809511202,Medium Engagement,Mobile
1066708,62,female,2207.0,1528,864,169,96,0.22617685892573647,Medium Engagement,Web
1500599,17,male,561.0,2347,1411,1353,1636,0.22612066042978088,Medium Engagement,Both
1950549,38,female,2244.0,1291,250,4831,3610,0.22609821614774556,Medium Engagement,Mobile
1587481,87,male,1621.0,1759,1153,437,198,0.22606546352083928,Medium Engagement,Mobile
1249387,18,male,1278.0,2133,702,2075,8095,0.22599382064560208,Medium Engagement,Mobile
1650359,18,female,562.0,2554,1429,11,123,0.22570199980575908,Medium Engagement,Mobile
1673475,21,female,463.0,3345,680,30,354,0.22531934764412692,Medium Engagement,Mobile
1800069,15,female,1673.0,1871,835,1029,2375,0.2252724359896222,Medium Engagement,Both
2048904,18,male,1328.0,1738,1181,2013,535,0.2251594283785172,Medium Engagement,Both
1038541,17,female,757.0,2600,1148,165,183,0.22506694839917604,Medium Engagement,Both
1590957,23,female,1231.0,2604,543,679,3020,0.22498789066966002,Medium Engagement,Mobile
1303068,18,female,1678.0,1977,769,832,690,0.2248496866163141,Medium Engagement,Mobile
2187614,15,female,614.0,2907,866,667,528,0.2244760269099099,Medium Engagement,Mobile
1648605,86,female,1469.0,2665,387,0,146,0.2243210601703053,Medium Engagement,None
1341044,24,female,1448.0,2436,650,2,16,0.22429790565693553,Medium Engagement,Mobile
1556932,22,female,172.0,3055,715,2636,6993,0.22421540516255917,Medium Engagement,Web
1006742,103,male,1487.0,1979,977,673,164,0.22419361177793207,Medium Engagement,Mobile
1885919,71,male,824.0,3090,567,42,184,0.22413238109032743,Medium Engagement,Web
1785442,37,female,270.0,3676,124,1222,11443,0.2240563012940344,Medium Engagement,Mobile
1480607,17,female,786.0,2253,1355,670,1743,0.22403836085245177,Medium Engagement,Mobile
1674338,26,male,855.0,1824,1349,3101,590,0.22373969137448435,Medium Engagement,Mobile
1680037,19,male,655.0,2066,1734,350,1233,0.2236344754265721,Medium Engagement,Web
2124873,100,female,1495.0,2493,527,8,34,0.22356369741776144,Medium Engagement,Mobile
1601778,100,male,3139.0,1069,373,137,63,0.22342732969279105,Medium Engagement,Both
1640120,17,female,1084.0,2011,1040,2104,3277,0.2233824893489602,Medium Engagement,Both
1479326,68,male,1555.0,2102,867,37,19,0.2232038288650917,Medium Engagement,Mobile
1050760,17,female,655.0,2722,1008,313,3144,0.2230774576950813,Medium Engagement,Mobile
1684159,17,female,120.0,3504,782,147,373,0.22287231316960288,Medium Engagement,Mobile
1045456,22,female,1184.0,2223,1050,280,630,0.22285517937965607,Medium Engagement,Mobile
1709355,108,male,1085.0,2060,1365,55,35,0.22280196486081186,Medium Engagement,Mobile
1089611,19,female,1090.0,1881,1526,111,823,0.22277057461401606,Medium Engagement,Both
2070428,18,female,1000.0,2493,888,511,1804,0.2226939586855981,Medium Engagement,Mobile
1814579,81,female,1289.0,1786,1128,1938,680,0.22268908009593125,Medium Engagement,Mobile
1878691,17,female,666.0,2204,1431,1114,1221,0.22262028462168093,Medium Engagement,Mobile
1906328,17,male,840.0,2091,1368,1188,871,0.22247750927582324,Medium Engagement,Both
2057051,18,female,391.0,2259,1415,1083,15731,0.22236345268997845,Medium Engagement,Mobile
1535023,19,male,222.0,3847,259,278,2145,0.22232360281843605,Medium Engagement,Web
1056622,74,female,1849.0,2123,422,662,583,0.22225223408996753,Medium Engagement,Mobile
1360039,68,female,847.0,2683,423,3008,1442,0.22219972958178225,Medium Engagement,Mobile
1843566,17,female,949.0,2697,700,435,3165,0.22197986748631168,Medium Engagement,Mobile
1737135,15,female,387.0,2434,1025,2158,17066,0.2218209745333098,Medium Engagement,Mobile
2096613,108,female,1964.0,1991,535,90,255,0.2216911291997214,Medium Engagement,Mobile
1550901,80,male,1285.0,1952,1201,374,47,0.22150953774122234,Medium Engagement,Web
2022668,16,male,804.0,2072,1498,626,565,0.22135605672947173,Medium Engagement,Both
1671000,16,female,914.0,2469,1001,468,216,0.22126084870466797,Medium Engagement,Web
1894934,17,male,1575.0,1932,848,470,4199,0.22125894858433365,Medium Engagement,Web
1631890,20,male,1375.0,2016,1097,6,21,0.22109012145605056,Medium Engagement,Mobile
1449449,23,male,1767.0,1715,791,1304,1251,0.22104838358651602,Medium Engagement,Mobile
1947946,20,female,528.0,2016,803,5407,15036,0.22094033256589454,Medium Engagement,Web
1129308,108,male,1466.0,1612,1429,3,21,0.22092196664304048,Medium Engagement,Web
1400821,97,male,1461.0,1936,953,724,1337,0.2209136179855322,Medium Engagement,Both
1398154,14,female,196.0,3280,836,461,1224,0.2208875543579073,Medium Engagement,Mobile
1842822,17,female,414.0,2275,1626,821,607,0.22079117314076754,Medium Engagement,Both
1979634,46,female,1968.0,1174,962,2404,2003,0.22077007486593828,Medium Engagement,Mobile
1019379,22,female,1489.0,2185,674,704,641,0.2207388777555766,Medium Engagement,Web
1112008,20,female,1591.0,1855,744,1689,1416,0.22067193481532732,Medium Engagement,Mobile
1636420,19,female,129.0,4181,27,31,673,0.22054941971213612,Medium Engagement,Mobile
1914375,100,male,2321.0,1305,782,650,573,0.2205387610135109,Medium Engagement,Mobile
1000764,17,female,547.0,2217,1638,300,172,0.22029783462691746,Medium Engagement,Web
1053086,50,male,1525.0,1528,786,3469,5263,0.22006208620984918,Medium Engagement,Both
1647904,17,male,1264.0,1846,1078,1637,1068,0.2200279653378714,Medium Engagement,Both
2165949,18,female,1368.0,1807,856,2407,2911,0.2198468813931076,Medium Engagement,Both
2104503,67,female,1143.0,751,347,13622,2299,0.2197583669019775,Medium Engagement,Web
1566502,20,male,1021.0,1862,1562,97,211,0.21966582237662083,Medium Engagement,Both
1110109,100,male,751.0,1947,1154,3447,2087,0.21950697588256998,Medium Engagement,Mobile
1755863,21,female,1514.0,2190,734,38,275,0.21949849235421975,Medium Engagement,Mobile
1640650,18,female,1581.0,1940,897,156,1151,0.21948201868637085,Medium Engagement,Both
1342941,25,male,1054.0,1784,1160,2641,1909,0.21944241854424254,Medium Engagement,Mobile
1742536,14,female,246.0,2424,1728,128,159,0.21938991358635512,Medium Engagement,Mobile
2187950,23,male,422.0,2072,1919,78,841,0.21926708211577078,Medium Engagement,Mobile
1806696,15,female,448.0,1307,855,10803,5454,0.21926283319043627,Medium Engagement,Web
1561009,18,female,404.0,2973,979,137,240,0.21880448590242718,Medium Engagement,Mobile
2004258,18,male,721.0,1905,1810,7,2,0.21860593669319855,Medium Engagement,Web
1748468,20,female,1486.0,1182,553,7156,5026,0.21856681901994035,Medium Engagement,Web
1982338,23,male,826.0,2245,1299,285,149,0.2185539186235963,Medium Engagement,Mobile
1008202,55,male,1700.0,2062,645,166,197,0.21855095344647962,Medium Engagement,Mobile
1046916,22,male,611.0,3627,62,41,2372,0.21851874996510104,Medium Engagement,Mobile
1190211,103,female,1026.0,2449,928,1,185,0.21833084239197043,Medium Engagement,Web
1011849,54,female,1813.0,1707,736,989,2069,0.21830332586669268,Medium Engagement,Web
1132823,94,female,2283.0,1825,333,31,6,0.21809540914933526,Medium Engagement,Web
1661090,68,female,609.0,3478,252,2,31,0.2179234002170393,Medium Engagement,Mobile
2051909,25,male,533.0,1913,1726,1474,207,0.2178154783391079,Medium Engagement,Mobile
1541316,19,male,709.0,2180,1506,15,539,0.2178006539382605,Medium Engagement,Mobile
1990873,20,female,837.0,3079,280,768,2140,0.21762369079099628,Medium Engagement,Mobile
1991549,94,male,1351.0,2203,799,301,282,0.21760667921905746,Medium Engagement,Web
1742615,17,male,312.0,2354,1582,679,1805,0.217591575532328,Medium Engagement,Both
2038115,108,female,2042.0,1706,645,234,107,0.21728801211230536,Medium Engagement,Web
1444475,19,male,1107.0,1764,1460,466,786,0.2172552229999034,Medium Engagement,Mobile
1565995,20,female,659.0,2007,1095,3817,644,0.21715210613212702,Medium Engagement,Web
1814645,43,female,2276.0,1238,717,1097,2825,0.2171334938123865,Medium Engagement,Web
1229350,17,male,438.0,2193,1754,16,66,0.21712573429947332,Medium Engagement,Mobile
1387095,108,female,2119.0,1627,682,23,106,0.21706015661824746,Medium Engagement,Mobile
2163894,17,male,616.0,2410,1329,122,26,0.21695337161753822,Medium Engagement,Mobile
1122346,23,female,1690.0,2177,353,927,1483,0.21686615130186726,Medium Engagement,Both
2147027,16,female,503.0,3630,161,46,380,0.2168027467851813,Medium Engagement,Mobile
1947458,63,male,901.0,1713,1327,2652,1719,0.21652762034533887,Medium Engagement,Web
2140658,18,female,321.0,2998,865,577,3391,0.216523053766523,Medium Engagement,Mobile
1778029,15,female,241.0,3532,269,1202,3676,0.21624943691029766,Medium Engagement,Mobile
1798537,19,female,1012.0,1591,1222,3285,2274,0.2160354623171398,Medium Engagement,Both
1941125,41,male,418.0,3835,18,28,111,0.21590037990601713,Medium Engagement,Mobile
1601598,23,female,1567.0,2082,644,377,1512,0.2158502457748846,Medium Engagement,Web
2033393,57,male,1426.0,2064,882,22,146,0.21581144092884863,Medium Engagement,Web
1420712,24,male,616.0,1977,1770,53,153,0.21579621523372955,Medium Engagement,Both
1280902,17,female,440.0,2770,700,2041,4932,0.21550813264461632,Medium Engagement,Mobile
1399231,20,female,1619.0,1781,694,1047,7615,0.2154722538397006,Medium Engagement,Both
1126316,23,male,314.0,3637,281,154,1142,0.21536183662249248,Medium Engagement,Mobile
1077619,26,female,950.0,2832,145,1954,4671,0.21534895121007058,Medium Engagement,Mobile
2126255,20,female,1078.0,1795,1247,1210,3720,0.21533602201828134,Medium Engagement,Both
1095115,16,female,626.0,2148,1574,23,217,0.21530841044504467,Medium Engagement,Mobile
1447678,26,female,998.0,2136,1108,410,3124,0.21529326097211246,Medium Engagement,Mobile
1493471,45,male,1996.0,1323,743,1970,1524,0.21528168157250702,Medium Engagement,Both
1618800,106,male,1380.0,2160,806,87,7,0.215231679486505,Medium Engagement,Web
1092658,17,male,376.0,3513,359,172,208,0.21522026343572384,Medium Engagement,Mobile
1767134,15,female,628.0,2940,723,12,978,0.2150470230777159,Medium Engagement,Both
1844401,103,female,1403.0,2153,794,25,97,0.214971236749312,Medium Engagement,Mobile
1967496,15,female,109.0,3584,132,1966,7444,0.21494055403673112,Medium Engagement,Mobile
1107829,18,male,452.0,2587,1247,184,269,0.21482724757487728,Medium Engagement,Mobile
2038976,15,female,601.0,2811,883,43,486,0.21479810397965557,Medium Engagement,Mobile
1384750,23,female,885.0,2521,900,67,312,0.21452089423102988,Medium Engagement,Web
1285799,16,male,554.0,2344,1404,112,134,0.2142617707174979,Medium Engagement,Web
1286319,100,male,1694.0,1562,1079,127,413,0.2136739337047273,Medium Engagement,Mobile
1624397,80,male,1189.0,1700,1267,1123,499,0.21362195478357687,Medium Engagement,Mobile
1349381,85,male,1082.0,1954,1185,610,663,0.21348968845335042,Medium Engagement,Mobile
1154586,63,male,1371.0,1137,434,8301,3991,0.21337000723064736,Medium Engagement,Both
1261153,17,female,341.0,2554,1346,92,2102,0.2132959871206248,Medium Engagement,Mobile
1231484,15,male,535.0,2077,1697,22,75,0.2131739653293348,Medium Engagement,Both
1547768,92,female,1624.0,2022,619,350,114,0.2130350552497331,Medium Engagement,Web
1295056,21,male,1601.0,1806,892,161,314,0.21279055811761854,Medium Engagement,Web
1930344,23,female,767.0,2368,1148,34,275,0.21279045096979166,Medium Engagement,Web
1517807,17,female,394.0,2590,1240,245,486,0.21252217352891886,Medium Engagement,Web
1288301,51,female,1344.0,1466,1036,2863,1338,0.2124980208015755,Medium Engagement,Both
1082314,19,male,605.0,2111,1462,569,1637,0.21245655886044684,Medium Engagement,Both
2109614,23,female,473.0,1767,1446,3599,1827,0.21218592802115027,Medium Engagement,Both
1063247,19,female,826.0,2826,552,196,1280,0.21216332264251073,Medium Engagement,Mobile
1166773,17,male,1174.0,1974,1111,203,739,0.21214679166712203,Medium Engagement,Web
1646755,23,female,1755.0,1574,956,208,490,0.21196606078159347,Medium Engagement,Both
1550592,38,male,827.0,2542,825,305,1314,0.21185886331589343,Medium Engagement,Both
2000307,92,female,704.0,3380,131,26,47,0.21185005650764221,Medium Engagement,Both
1589512,103,female,1248.0,2843,158,2,164,0.21177716421294296,Medium Engagement,Mobile
1046097,103,female,1790.0,2295,197,7,113,0.21173158411720785,Medium Engagement,Web
1273463,24,male,557.0,2129,1590,4,231,0.21167791574951114,Medium Engagement,Mobile
1796383,108,male,1107.0,2653,410,499,378,0.2116752091138881,Medium Engagement,Mobile
1546098,18,male,1403.0,1779,1117,14,79,0.21146616187300638,Medium Engagement,Mobile
2080126,108,male,1468.0,1988,821,84,71,0.21145137835895436,Medium Engagement,Web
1447755,113,male,2323.0,1311,639,322,449,0.21133013227938113,Medium Engagement,Web
1686615,108,female,1143.0,2219,901,35,85,0.2111330632241086,Medium Engagement,Mobile
1849008,14,female,952.0,2858,305,514,2133,0.21107442584529135,Medium Engagement,Mobile
1229621,22,female,1264.0,1910,1109,0,4,0.21092133359237789,Medium Engagement,None
1465198,19,female,1590.0,1878,708,626,480,0.2108715745936658,Medium Engagement,Both
1816311,108,male,1001.0,1913,1336,157,139,0.21081539972362043,Medium Engagement,Mobile
1015766,19,female,547.0,2027,1316,2133,1357,0.21061524658015304,Medium Engagement,Mobile
1942303,18,male,892.0,1874,1501,22,191,0.21055414600514888,Medium Engagement,Mobile
1672543,28,female,2195.0,1386,449,1609,981,0.21051014692894765,Medium Engagement,Mobile
1993020,21,male,1262.0,1954,1050,0,0,0.21020961849706327,Medium Engagement,None
2180403,17,male,1179.0,1865,1122,446,1879,0.21018967770863498,Medium Engagement,Both
2118433,16,female,435.0,3600,114,100,206,0.21005836084311086,Medium Engagement,Mobile
2031089,16,male,615.0,2690,860,247,607,0.20992987730235593,Medium Engagement,Both
1839907,103,female,1691.0,2067,475,122,327,0.2099192548841491,Medium Engagement,Mobile
1828338,19,female,881.0,2969,353,0,2,0.20990949272025877,Medium Engagement,None
1946197,15,male,1079.0,1601,1286,1762,1229,0.2099034379208119,Medium Engagement,Web
1544577,15,female,650.0,2640,912,36,210,0.2095884112822792,Medium Engagement,Mobile
1166872,108,female,1231.0,1982,806,1285,1237,0.20955582680724544,Medium Engagement,Mobile
1569446,27,female,1540.0,1770,888,318,834,0.20950302820731279,Medium Engagement,Mobile
2179210,20,female,370.0,1837,740,6916,9643,0.209148818094788,Medium Engagement,Both
1606794,103,female,1517.0,1516,948,1651,964,0.20911746878469806,Medium Engagement,Mobile
1826225,102,female,2293.0,1314,607,355,729,0.20898172987629116,Medium Engagement,Mobile
1083223,23,male,1644.0,1369,1243,0,0,0.2080710159716377,Medium Engagement,None
2022131,16,male,743.0,2294,1157,6,0,0.2078865017590093,Medium Engagement,Mobile
2051379,44,female,1385.0,2066,41,2951,14625,0.2077800521235749,Medium Engagement,Mobile
1591857,24,female,797.0,2351,838,1054,1870,0.20774457399158264,Medium Engagement,Mobile
1224427,108,male,874.0,2473,814,136,2,0.20771932310846591,Medium Engagement,Mobile
2127347,16,female,734.0,2066,1388,16,699,0.20764164579440722,Medium Engagement,Mobile
1433922,99,male,2043.0,1266,873,427,207,0.20760930540980696,Medium Engagement,Web
1334136,17,female,562.0,3032,330,1166,1862,0.20746599379317815,Medium Engagement,Both
1745831,18,female,255.0,3318,545,21,183,0.20729069989880997,Medium Engagement,Mobile
1705454,17,male,1207.0,1717,1290,3,158,0.20727393562072766,Medium Engagement,Both
2095963,14,male,662.0,1911,1475,804,1205,0.2071922655694866,Medium Engagement,Mobile
1336182,21,male,1126.0,1649,1337,541,1057,0.20719178101485516,Medium Engagement,Both
1902600,58,male,399.0,2083,553,6236,7784,0.2071624960781087,Medium Engagement,Mobile
1109912,16,female,1027.0,1625,987,3330,1509,0.20690978563757523,Medium Engagement,Both
1301457,101,male,1067.0,1801,1324,55,64,0.2068327100417583,Medium Engagement,Mobile
1034148,17,female,499.0,1652,959,6267,3625,0.20671095609181075,Medium Engagement,Both
2136449,19,female,589.0,2576,766,1197,1616,0.20670061300385614,Medium Engagement,Both
1617206,15,female,821.0,1586,1090,2671,16936,0.20662027325188365,Medium Engagement,Both
2134916,74,male,1028.0,1304,708,7074,975,0.20660199883046165,Medium Engagement,Web
1723648,83,female,1781.0,2226,170,29,8,0.20658928397149512,Medium Engagement,Mobile
1344234,98,male,697.0,2668,644,814,299,0.20658651915350712,Medium Engagement,Web
1022065,19,male,1527.0,1597,1001,393,1236,0.20645534711114832,Medium Engagement,Both
1113088,103,female,560.0,1319,898,7674,10608,0.20632462756692663,Medium Engagement,Mobile
1902732,16,female,696.0,2524,751,935,1490,0.20626588806138196,Medium Engagement,Web
1815780,26,male,1546.0,1525,1040,536,477,0.2061469843847071,Medium Engagement,Mobile
1984081,20,male,766.0,1822,1594,2,0,0.20607532842302329,Medium Engagement,Mobile
1715584,27,female,2047.0,830,546,4599,4033,0.2060356800078176,Medium Engagement,Both
1421010,19,female,665.0,1893,1248,2112,1287,0.20594648115738912,Medium Engagement,Mobile
1044992,18,female,897.0,2564,599,431,684,0.2059348964496458,Medium Engagement,Mobile
1691605,19,male,727.0,1623,1217,3301,4734,0.2058112579437485,Medium Engagement,Web
1141239,24,female,217.0,2376,1442,487,1681,0.20578820362108025,Medium Engagement,Both
1727588,19,female,739.0,2182,1045,981,1835,0.20577295463171008,Medium Engagement,Web
1570692,14,female,816.0,1174,749,8326,5792,0.20550861212318278,Medium Engagement,Web
1123663,103,female,1470.0,1866,583,1369,1385,0.20510575009756862,Medium Engagement,Both
1845215,108,male,1711.0,1393,1052,201,165,0.2050005283350913,Medium Engagement,Mobile
1227765,17,female,911.0,1999,1135,599,393,0.20489600931990204,Medium Engagement,Web
2171280,21,female,629.0,3019,440,3,303,0.2048597562739575,Medium Engagement,Mobile
1842946,18,male,458.0,2159,1249,1525,1108,0.20479877879403094,Medium Engagement,Mobile
1847200,108,male,1262.0,1601,1247,349,90,0.20463985097921839,Medium Engagement,Both
1134094,108,male,1258.0,1527,1144,1370,756,0.20436164791933445,Medium Engagement,Mobile
1868869,14,female,445.0,1970,1397,1128,8581,0.20428276966795023,Medium Engagement,Web
1761089,16,female,587.0,2121,984,2308,3359,0.20420378345170903,Medium Engagement,Mobile
1364326,17,female,732.0,2712,522,588,1896,0.20402822919032315,Medium Engagement,Mobile
1202463,27,male,1369.0,1341,957,2878,1738,0.20395792381881273,Medium Engagement,Mobile
1501174,20,male,914.0,2434,711,184,1022,0.20384253997209523,Medium Engagement,Both
1223972,23,male,1435.0,1570,688,2682,1099,0.2037079022311531,Medium Engagement,Both
1076263,91,male,2205.0,1144,823,58,51,0.20368368645721674,Medium Engagement,Web
1953464,20,female,1693.0,1775,570,579,659,0.20366546548059328,Medium Engagement,Mobile
1286085,17,female,704.0,2449,860,460,639,0.20366532188656583,Medium Engagement,Mobile
1421193,43,female,766.0,2032,1253,344,529,0.20341099270311708,Medium Engagement,Web
1213463,52,female,679.0,2159,857,2219,2983,0.20340370403822208,Medium Engagement,Mobile
2137369,108,female,3129.0,720,282,421,439,0.20338450764809154,Medium Engagement,Both
1475295,90,male,1287.0,2474,336,2,12,0.2033765873597359,Medium Engagement,Web
1679726,103,male,1099.0,1733,1286,44,18,0.20295187019875907,Medium Engagement,Mobile
2015057,15,male,370.0,1981,1752,12,13,0.2029415325461091,Medium Engagement,Web
1359188,16,female,757.0,1938,1306,591,575,0.2027678102016585,Medium Engagement,Web
1477118,82,male,967.0,2825,257,60,119,0.20264072864194252,Medium Engagement,Mobile
1109689,108,female,1122.0,2731,207,27,52,0.20254677130533003,Medium Engagement,Web
1866809,20,female,763.0,1931,1021,2108,2481,0.2024860143364547,Medium Engagement,Mobile
2103193,15,male,1042.0,1266,905,5022,6168,0.2024818799749569,Medium Engagement,Both
1802541,100,female,2145.0,1016,984,108,31,0.20246961775746197,Medium Engagement,Mobile
1823425,18,female,1189.0,1912,918,418,1087,0.20237928444242684,Medium Engagement,Web
1345802,20,female,1532.0,1798,472,1562,3361,0.2023083644340831,Medium Engagement,Mobile
1477284,15,female,1188.0,1937,624,1513,6434,0.20222736567716396,Medium Engagement,Both
1472076,69,male,893.0,2125,470,3395,2486,0.2022115525194961,Medium Engagement,Web
1159082,17,female,728.0,2015,607,3922,5664,0.20198359623498863,Medium Engagement,Both
2033824,18,female,121.0,3704,133,98,932,0.2017918761650145,Medium Engagement,Mobile
1357973,20,male,1118.0,1799,1171,38,58,0.20164406488118802,Medium Engagement,Mobile
1272829,16,female,530.0,2883,615,17,54,0.20158938254799755,Medium Engagement,Mobile
1005210,18,female,667.0,1162,329,10762,11783,0.20149805326949066,Medium Engagement,Both
1601812,63,female,2159.0,1194,724,158,1919,0.20147344579679508,Medium Engagement,Mobile
1187594,21,female,1104.0,1388,774,4914,2192,0.20141299626138207,Medium Engagement,Mobile
2144524,17,female,151.0,3125,471,1071,5530,0.20140569794394855,Medium Engagement,Both
1431951,19,female,389.0,3003,398,1176,2256,0.2013895381812085,Medium Engagement,Both
1799374,53,female,1689.0,1168,1014,1261,2890,0.20121836443458951,Medium Engagement,Mobile
1938843,19,female,1586.0,1321,508,3569,7031,0.20119838702276213,Medium Engagement,Web
1038391,19,male,415.0,2054,1060,2403,8753,0.20113701853181573,Medium Engagement,Mobile
1204210,17,male,1100.0,1651,1243,530,461,0.20097026013702643,Medium Engagement,Both
1598252,29,female,2112.0,1226,530,1431,969,0.20090116124423768,Medium Engagement,Mobile
1508074,14,male,169.0,3311,493,98,109,0.20087259888086165,Medium Engagement,Mobile
1897311,18,female,138.0,3348,480,105,285,0.2008332745111657,Medium Engagement,Mobile
2086393,23,female,845.0,2674,494,59,196,0.20063197658075302,Medium Engagement,Mobile
2006079,100,male,1728.0,1776,540,201,111,0.20051063879661923,Medium Engagement,Both
1746435,19,female,686.0,1938,1357,435,424,0.20047829499200925,Medium Engagement,Mobile
1971818,14,female,171.0,2173,1365,1265,7702,0.2003718811862901,Medium Engagement,Web
1110352,42,female,1725.0,1243,1025,586,884,0.2003660634392117,Medium Engagement,Both
1446905,102,female,2244.0,1345,483,80,959,0.20021574430910194,Medium Engagement,Web
2068981,20,male,565.0,1927,1556,12,1,0.20004890849344742,Medium Engagement,Web
1607466,57,female,1726.0,1208,797,2103,1319,0.20004805310637247,Medium Engagement,Mobile
1671192,108,male,1568.0,1481,1012,114,101,0.19996353122405816,Low Engagement,Mobile
1248835,14,female,460.0,2611,656,1551,1781,0.19995054357735323,Low Engagement,Mobile
1843796,24,male,1411.0,1632,1012,65,131,0.19976193444577262,Low Engagement,Mobile
1468023,23,female,416.0,2560,185,4506,6516,0.1996875369730265,Low Engagement,Mobile
1171228,103,female,816.0,1978,1158,406,1466,0.19968438984677434,Low Engagement,Mobile
1518354,22,female,301.0,2553,699,2148,6220,0.19963636885643748,Low Engagement,Web
1036376,95,female,2630.0,909,535,227,157,0.19958649639865184,Low Engagement,Mobile
1943044,16,female,785.0,2339,802,446,1046,0.19935086600368995,Low Engagement,Mobile
1770193,17,female,752.0,2040,608,3674,1529,0.19930684938177748,Low Engagement,Web
1533828,21,female,793.0,1753,1090,2314,1724,0.19927158010293033,Low Engagement,Web
1130147,103,male,1210.0,1965,856,0,4,0.19892348164231655,Low Engagement,None
1043082,18,female,356.0,1958,957,3981,5968,0.19890723782999647,Low Engagement,Mobile
1175643,18,female,1550.0,1676,767,297,407,0.19887339331295842,Low Engagement,Both
2192435,17,female,664.0,2517,508,1542,3212,0.19880654479099896,Low Engagement,Mobile
1260745,19,male,278.0,2931,725,165,470,0.19879104913302093,Low Engagement,Web
1869228,14,female,191.0,2199,1410,1083,1579,0.19868176817638705,Low Engagement,Mobile
1236937,108,female,1064.0,2746,169,2,43,0.19849693454111053,Low Engagement,Web
2089923,48,male,2178.0,1263,618,28,242,0.19845001807618146,Low Engagement,Web
1286228,112,male,1372.0,1621,1017,166,131,0.1983854222028823,Low Engagement,Mobile
1654139,18,female,793.0,1944,1193,488,291,0.19830130959926812,Low Engagement,Mobile
1189003,19,female,583.0,2661,708,103,294,0.19820556771942927,Low Engagement,Both
1087168,18,male,514.0,1557,1132,4750,2497,0.19800680135857066,Low Engagement,Mobile
1708950,20,female,850.0,2387,566,874,2374,0.19793024908993012,Low Engagement,Both
1567592,18,female,425.0,2966,448,662,65,0.19787253872634128,Low Engagement,Mobile
1039734,108,male,1460.0,1264,1114,1218,482,0.19779042153936954,Low Engagement,Mobile
2088893,15,female,442.0,1859,1187,2906,2356,0.19776207733074608,Low Engagement,Both
1172044,18,female,239.0,2227,1144,1201,10905,0.19764034906456934,Low Engagement,Mobile
1919096,19,female,467.0,2640,792,302,245,0.19719747543902735,Low Engagement,Web
2119521,74,,1998.0,1609,348,313,834,0.19711147090169012,Low Engagement,Both
2052324,23,male,427.0,1519,1339,3874,5216,0.19701498768275202,Low Engagement,Mobile
2094705,103,male,1488.0,1908,600,5,9,0.19700183002723562,Low Engagement,Web
1729635,103,male,1002.0,1766,497,4189,2625,0.1969229077597363,Low Engagement,Web
2159482,68,female,1554.0,1822,618,23,57,0.1968372881510166,Low Engagement,Mobile
1604624,70,female,1977.0,1320,711,97,315,0.19683349826781055,Low Engagement,Mobile
1815162,47,female,2084.0,665,485,4520,5218,0.196758861184057,Low Engagement,Both
1737792,21,male,1242.0,1516,1230,61,264,0.19638661289351045,Low Engagement,Mobile
1928393,91,male,1225.0,1570,1201,9,38,0.19632965813148445,Low Engagement,Mobile
1133782,18,male,741.0,1865,1370,0,44,0.19627125927576822,Low Engagement,None
1696272,18,female,484.0,2086,1391,2,25,0.1962280040598515,Low Engagement,Mobile
1846661,23,female,503.0,1802,1668,1,36,0.19608302017017948,Low Engagement,Mobile
1634378,15,female,614.0,3126,158,7,333,0.19602143724431348,Low Engagement,Mobile
1668308,68,female,377.0,2772,454,1740,1718,0.1958682634868052,Low Engagement,Both
2166577,103,male,2716.0,794,524,36,239,0.1958668045980877,Low Engagement,Mobile
1799416,85,female,2469.0,1002,538,95,97,0.1956632066935593,Low Engagement,Both
2147402,102,female,1310.0,1701,938,149,225,0.19560909487976494,Low Engagement,Mobile
1268299,68,female,541.0,2118,341,3996,18089,0.1955436169583953,Low Engagement,Mobile
1026140,68,male,1016.0,1727,1137,512,384,0.195497525326184,Low Engagement,Mobile
1702364,108,female,1505.0,1592,564,1693,2482,0.19536751034929234,Low Engagement,Mobile
2001093,16,female,784.0,1091,606,8627,5884,0.19533080935677422,Low Engagement,Mobile
2044201,78,female,1023.0,1770,1166,29,17,0.195287334904598,Low Engagement,Mobile
1935447,68,male,999.0,2447,432,260,414,0.19523902211509,Low Engagement,Mobile
2003376,15,male,678.0,1910,1357,32,105,0.19522010162694614,Low Engagement,Both
1589128,108,male,1578.0,1403,921,486,276,0.19518534257696252,Low Engagement,Web
1002588,17,female,346.0,777,434,14050,8212,0.19512864594921298,Low Engagement,Web
1281105,108,male,652.0,1728,1574,27,17,0.1951011035163671,Low Engagement,Web
1149553,23,male,710.0,2034,1151,268,143,0.19501289063244934,Low Engagement,Mobile
1815874,19,male,989.0,1647,1315,71,66,0.1949795763280115,Low Engagement,Mobile
1396641,22,female,1043.0,1905,832,911,1191,0.19490268622843693,Low Engagement,Mobile
2116429,102,male,2330.0,1062,605,47,63,0.1948931407166162,Low Engagement,Both
1739198,15,female,563.0,1767,838,4185,5807,0.194857816886406,Low Engagement,Web
1636518,19,male,569.0,1811,1511,319,214,0.19478575930632203,Low Engagement,Mobile
1379191,29,male,524.0,1819,1495,610,366,0.19470354514149854,Low Engagement,Web
1961273,17,female,629.0,2788,464,61,166,0.19464445267323638,Low Engagement,Mobile
1968021,17,female,1572.0,1640,678,361,576,0.1944403041840289,Low Engagement,Both
1360671,16,female,804.0,1987,1113,101,660,0.19434980955232595,Low Engagement,Both
1677916,21,male,594.0,1861,1472,26,270,0.19434651094259672,Low Engagement,Mobile
1978315,19,female,1176.0,1696,1024,284,387,0.1943017209562406,Low Engagement,Web
1290433,104,male,1474.0,1576,904,16,94,0.1942976993813496,Low Engagement,Both
1617497,19,male,671.0,1770,1443,272,680,0.19427848684869314,Low Engagement,Both
1333505,17,female,1546.0,1524,776,575,1046,0.19410119691757413,Low Engagement,Web
1767661,49,female,1150.0,1761,844,858,2759,0.19406081647536313,Low Engagement,Web
1750170,19,male,1342.0,1451,1160,22,79,0.19403371722238377,Low Engagement,Web
2165615,18,female,667.0,2200,1044,1,4,0.19399083150620042,Low Engagement,Mobile
1732016,58,male,1420.0,1619,882,129,404,0.19397648426997188,Low Engagement,Mobile
1887875,19,female,583.0,2175,1025,707,703,0.19394853672918833,Low Engagement,Both
1633413,15,female,1349.0,1556,624,2055,5115,0.19387980768981505,Low Engagement,Web
1017268,48,female,789.0,1800,1125,1165,1430,0.1937798962923527,Low Engagement,Web
1818468,19,male,1037.0,1836,1030,147,125,0.193766769446889,Low Engagement,Mobile
2087068,20,male,299.0,3151,401,0,62,0.1937029643769897,Low Engagement,None
1239034,16,female,494.0,2928,320,652,842,0.19357775017800521,Low Engagement,Both
1071306,19,male,470.0,2468,947,4,45,0.19356041375504132,Low Engagement,Mobile
1386285,18,female,443.0,1567,663,5620,20704,0.1933571220720468,Low Engagement,Web
1681169,34,male,644.0,2441,577,626,7297,0.1931538067214685,Low Engagement,Both
1508286,20,male,472.0,1901,1491,208,447,0.1930499927938228,Low Engagement,Mobile
1543600,68,female,661.0,1665,416,6871,2627,0.19295234442937337,Low Engagement,Mobile
2016903,63,female,1887.0,1297,701,343,447,0.19294252690920116,Low Engagement,Web
1827648,21,female,1019.0,1566,1319,105,261,0.19291296881872683,Low Engagement,Mobile
1491207,108,female,2654.0,949,355,93,30,0.19291287554011155,Low Engagement,Mobile
1665822,23,female,508.0,1423,577,8205,4121,0.192890904468334,Low Engagement,Both
1452582,18,female,717.0,2123,713,1767,2623,0.1925659385111,Low Engagement,Mobile
2049698,106,female,1912.0,1486,501,159,249,0.19246536853477691,Low Engagement,Mobile
